Workbook
Name asd: IF( OR(AND(AND(#REF!>=2,#REF!<=5),#REF!> 50), AND(#REF!>5,#REF!>= 20) ),1,0)
Name asd: IF( OR(AND(AND(#REF!>=2,#REF!<=5),#REF!> 50), AND(#REF!>5,#REF!>= 20) ),1,0)
Name asd: IF( OR(AND(AND(#REF!>=2,#REF!<=5),#REF!> 50), AND(#REF!>5,#REF!>= 20) ),1,0)
Name asd: IF( OR(AND(AND(#REF!>=2,#REF!<=5),#REF!> 50), AND(#REF!>5,#REF!>= 20) ),1,0)
Name asd: IF( OR(AND(AND(#REF!>=2,#REF!<=5),#REF!> 50), AND(#REF!>5,#REF!>= 20) ),1,0)
Name asd: IF( OR(AND(AND(#REF!>=2,#REF!<=5),#REF!> 50), AND(#REF!>5,#REF!>= 20) ),1,0)
Name asd: IF( OR(AND(AND(#REF!>=2,#REF!<=5),#REF!> 50), AND(#REF!>5,#REF!>= 20) ),1,0)
Name asd: IF( OR(AND(AND(#REF!>=2,#REF!<=5),#REF!> 50), AND(#REF!>5,#REF!>= 20) ),1,0)
Name asd: IF( OR(AND(AND(#REF!>=2,#REF!<=5),#REF!> 50), AND(#REF!>5,#REF!>= 20) ),1,0)
Name asd: IF( OR(AND(AND(#REF!>=2,#REF!<=5),#REF!> 50), AND(#REF!>5,#REF!>= 20) ),1,0)
Name asd: IF( OR(AND(AND(#REF!>=2,#REF!<=5),#REF!> 50), AND(#REF!>5,#REF!>= 20) ),1,0)
Name asd: IF( OR(AND(AND(#REF!>=2,#REF!<=5),#REF!> 50), AND(#REF!>5,#REF!>= 20) ),1,0)
Name asd: IF( OR(AND(AND(#REF!>=2,#REF!<=5),#REF!> 50), AND(#REF!>5,#REF!>= 20) ),1,0)
Name asd: IF( OR(AND(AND(#REF!>=2,#REF!<=5),#REF!> 50), AND(#REF!>5,#REF!>= 20) ),1,0)
Name asd: IF( OR(AND(AND(#REF!>=2,#REF!<=5),#REF!> 50), AND(#REF!>5,#REF!>= 20) ),1,0)
Name asd: IF( OR(AND(AND(#REF!>=2,#REF!<=5),#REF!> 50), AND(#REF!>5,#REF!>= 20) ),1,0)
Name asd: IF( OR(AND(AND(#REF!>=2,#REF!<=5),#REF!> 50), AND(#REF!>5,#REF!>= 20) ),1,0)
Name asd: IF( OR(AND(AND(#REF!>=2,#REF!<=5),#REF!> 50), AND(#REF!>5,#REF!>= 20) ),1,0)
Name asd: IF( OR(AND(AND(#REF!>=2,#REF!<=5),#REF!> 50), AND(#REF!>5,#REF!>= 20) ),1,0)
Name asd: IF( OR(AND(AND(#REF!>=2,#REF!<=5),#REF!> 50), AND(#REF!>5,#REF!>= 20) ),1,0)
Name asd: IF( OR(AND(AND(#REF!>=2,#REF!<=5),#REF!> 50), AND(#REF!>5,#REF!>= 20) ),1,0)
Name asd: IF( OR(AND(AND(#REF!>=2,#REF!<=5),#REF!> 50), AND(#REF!>5,#REF!>= 20) ),1,0)
Name asd: IF( OR(AND(AND(#REF!>=2,#REF!<=5),#REF!> 50), AND(#REF!>5,#REF!>= 20) ),1,0)
Name CheckDay: 진행현황_01.범위명!$B$6
Name CheckDay: 진행현황_02.범위명!$B$6
Name CheckDay: 진행현황_03.범위명!$B$6
Name CheckDay: 진행현황_04.범위명!$B$6
Name CheckDay: 진행현황_05.범위명!$B$6
Name CheckDay: 진행현황_06.범위명!$B$6
Name CheckDay: 진행현황_07.범위명!$B$6
Name CheckDay: 진행현황_08.범위명!$B$6
Name CheckDay: 진행현황_09.범위명!$B$6
Name CheckDay: 진행현황_10.범위명!$B$6
Name CheckDay: 진행현황_템플릿!$B$6
Name CheckDay: 진행현황_전체!$C$6
Name CheckDay2: 진행현황_전체!$C$6
Name EI_A: IF( OR(AND(#REF!<2,#REF!>50), AND(AND(#REF!>=2,#REF!<=5), AND(#REF!>= 20,#REF!<= 50)), AND(#REF!>5, AND(#REF!>= 1,#REF!<= 19)) ),1,0)
Name EI_A: IF( OR(AND(#REF!<2,#REF!>50), AND(AND(#REF!>=2,#REF!<=5), AND(#REF!>= 20,#REF!<= 50)), AND(#REF!>5, AND(#REF!>= 1,#REF!<= 19)) ),1,0)
Name EI_A: IF( OR(AND(#REF!<2,#REF!>50), AND(AND(#REF!>=2,#REF!<=5), AND(#REF!>= 20,#REF!<= 50)), AND(#REF!>5, AND(#REF!>= 1,#REF!<= 19)) ),1,0)
Name EI_A: IF( OR(AND(#REF!<2,#REF!>50), AND(AND(#REF!>=2,#REF!<=5), AND(#REF!>= 20,#REF!<= 50)), AND(#REF!>5, AND(#REF!>= 1,#REF!<= 19)) ),1,0)
Name EI_A: IF( OR(AND(#REF!<2,#REF!>50), AND(AND(#REF!>=2,#REF!<=5), AND(#REF!>= 20,#REF!<= 50)), AND(#REF!>5, AND(#REF!>= 1,#REF!<= 19)) ),1,0)
Name EI_A: IF( OR(AND(#REF!<2,#REF!>50), AND(AND(#REF!>=2,#REF!<=5), AND(#REF!>= 20,#REF!<= 50)), AND(#REF!>5, AND(#REF!>= 1,#REF!<= 19)) ),1,0)
Name EI_A: IF( OR(AND(#REF!<2,#REF!>50), AND(AND(#REF!>=2,#REF!<=5), AND(#REF!>= 20,#REF!<= 50)), AND(#REF!>5, AND(#REF!>= 1,#REF!<= 19)) ),1,0)
Name EI_A: IF( OR(AND(#REF!<2,#REF!>50), AND(AND(#REF!>=2,#REF!<=5), AND(#REF!>= 20,#REF!<= 50)), AND(#REF!>5, AND(#REF!>= 1,#REF!<= 19)) ),1,0)
Name EI_A: IF( OR(AND(#REF!<2,#REF!>50), AND(AND(#REF!>=2,#REF!<=5), AND(#REF!>= 20,#REF!<= 50)), AND(#REF!>5, AND(#REF!>= 1,#REF!<= 19)) ),1,0)
Name EI_A: IF( OR(AND(#REF!<2,#REF!>50), AND(AND(#REF!>=2,#REF!<=5), AND(#REF!>= 20,#REF!<= 50)), AND(#REF!>5, AND(#REF!>= 1,#REF!<= 19)) ),1,0)
Name EI_A: IF( OR(AND(#REF!<2,#REF!>50), AND(AND(#REF!>=2,#REF!<=5), AND(#REF!>= 20,#REF!<= 50)), AND(#REF!>5, AND(#REF!>= 1,#REF!<= 19)) ),1,0)
Name EI_A: IF( OR(AND(#REF!<2,#REF!>50), AND(AND(#REF!>=2,#REF!<=5), AND(#REF!>= 20,#REF!<= 50)), AND(#REF!>5, AND(#REF!>= 1,#REF!<= 19)) ),1,0)
Name EI_A: IF( OR(AND(#REF!<2,#REF!>50), AND(AND(#REF!>=2,#REF!<=5), AND(#REF!>= 20,#REF!<= 50)), AND(#REF!>5, AND(#REF!>= 1,#REF!<= 19)) ),1,0)
Name EI_A: IF( OR(AND(#REF!<2,#REF!>50), AND(AND(#REF!>=2,#REF!<=5), AND(#REF!>= 20,#REF!<= 50)), AND(#REF!>5, AND(#REF!>= 1,#REF!<= 19)) ),1,0)
Name EI_A: IF( OR(AND(#REF!<2,#REF!>50), AND(AND(#REF!>=2,#REF!<=5), AND(#REF!>= 20,#REF!<= 50)), AND(#REF!>5, AND(#REF!>= 1,#REF!<= 19)) ),1,0)
Name EI_A: IF( OR(AND(#REF!<2,#REF!>50), AND(AND(#REF!>=2,#REF!<=5), AND(#REF!>= 20,#REF!<= 50)), AND(#REF!>5, AND(#REF!>= 1,#REF!<= 19)) ),1,0)
Name EI_A: IF( OR(AND(#REF!<2,#REF!>50), AND(AND(#REF!>=2,#REF!<=5), AND(#REF!>= 20,#REF!<= 50)), AND(#REF!>5, AND(#REF!>= 1,#REF!<= 19)) ),1,0)
Name EI_A: IF( OR(AND(#REF!<2,#REF!>50), AND(AND(#REF!>=2,#REF!<=5), AND(#REF!>= 20,#REF!<= 50)), AND(#REF!>5, AND(#REF!>= 1,#REF!<= 19)) ),1,0)
Name EI_A: IF( OR(AND(#REF!<2,#REF!>50), AND(AND(#REF!>=2,#REF!<=5), AND(#REF!>= 20,#REF!<= 50)), AND(#REF!>5, AND(#REF!>= 1,#REF!<= 19)) ),1,0)
Name EI_A: IF( OR(AND(#REF!<2,#REF!>50), AND(AND(#REF!>=2,#REF!<=5), AND(#REF!>= 20,#REF!<= 50)), AND(#REF!>5, AND(#REF!>= 1,#REF!<= 19)) ),1,0)
Name EI_A: IF( OR(AND(#REF!<2,#REF!>50), AND(AND(#REF!>=2,#REF!<=5), AND(#REF!>= 20,#REF!<= 50)), AND(#REF!>5, AND(#REF!>= 1,#REF!<= 19)) ),1,0)
Name EI_A: IF( OR(AND(#REF!<2,#REF!>50), AND(AND(#REF!>=2,#REF!<=5), AND(#REF!>= 20,#REF!<= 50)), AND(#REF!>5, AND(#REF!>= 1,#REF!<= 19)) ),1,0)
Name EI_A: IF( OR(AND(#REF!<2,#REF!>50), AND(AND(#REF!>=2,#REF!<=5), AND(#REF!>= 20,#REF!<= 50)), AND(#REF!>5, AND(#REF!>= 1,#REF!<= 19)) ),1,0)
Name EI_B: IF( OR(AND(#REF!<2,#REF!>50), AND(AND(#REF!>=2,#REF!<=5), AND(#REF!>= 20,#REF!<= 50)), AND(#REF!>5, AND(#REF!>= 1,#REF!<= 19)) ),1,0)

Sheet 표지
B3: 주관기관 로고
B7: 일정관리 및 통제표 (2025년)
B9: 소제목
B13: 사 업 명: | C13: 사업명 입력
B14: 사업기간: | C14: 20XX.XX.XX ~ 20XX.XX.XX
B15: 문서코드: | C15: 프로젝트코드-범위코드-단계코드-XXX_문서명
G17: 관리부서: | H17: 부서명
G18: 버 전: | H18: Ver.X.X
G19: 작 성 자: | H19: 작성자명 및 직함
G20: 작 성 일: | H20: 20XX. XX. XX
G21: 승 인 자: | H21: 승인자명 및 직함
A29: ㈜브이웨이의 승인없이 본 문서의 전부 또는 일부에 대한 복사, 배포, 사용을 금지합니다.

Sheet 문서승인
A1: =표지!C13 -> 사업명 입력 | E1: =표지!B7 -> 일정관리 및 통제표 (2025년)
A3: 문 서 승 인
A5: 구분 | B5: 소속 | C5: 이름 | D5: 일자 | E5: 서명
A6: 승인
A7: 승인
A8: 검토
A9: 검토
A10: 작성

Sheet 제개정이력
A1: =표지!C13 -> 사업명 입력 | E1: =표지!B7 -> 일정관리 및 통제표 (2025년)
A3: 제·개정 이력
A5: 버전 | B5: 작성일자 | C5: 변경내용 1) | D5: 작성자 | E5: 검토자
A6: 1 | B6: 45658 | C6: 최초작성
A23: 1) 변경내용 : 변경이 발생되는 위치와 변경 내용을 자세히 기록(장/절)하고 변경 내용을 기술한다.

Sheet 진행현황_전체
A1: =표지!C13 -> 사업명 입력 | N1: =표지!B7 -> 일정관리 및 통제표 (2025년)
A4: 진척점검 보고서 (전체)
B6: 1. 점검마감일자 | C6: 45732
B8: 2. 전체 진행 현황
B9: - 시점 누적계획 | C9: =M30 -> 100
B10: - 시점 누적실적 | C10: =M31 -> 0.375
B11: - 계획대비 실적율 | C11: =IF(C9=0, 0, C10/C9) -> 0.00375
B13: 3. 각 범위별 상세 진행 현황
B15: 구분 | C15: 01. 구분명 | D15: 02. 구분명 | E15: 03. 구분명 | F15: 04. 구분명 | G15: 05.구분명 | H15: 06.구분명 | I15: 07.구분명 | J15: 08.구분명 | K15: 09.구분명 | L15: 10.구분명 | M15: 합계
B16: 범위별 가중치 | C16: 20 | D16: 20 | E16: 60 | F16: 0 | G16: 0 | H16: 0 | I16: 0 | J16: 0 | K16: 0 | L16: 0 | M16: =SUM(C16:L16) -> 100
B17: 범위별 시점 누적계획 | C17: =진행현황_01.범위명!J17 -> 100 | D17: =진행현황_02.범위명!J17 -> 100 | E17: =진행현황_03.범위명!$J$17 -> 100 | F17: =진행현황_04.범위명!J17 -> 100 | G17: =진행현황_05.범위명!J17 -> 100 | H17: =진행현황_06.범위명!J17 -> 100 | I17: =진행현황_07.범위명!J17 -> 100 | J17: =진행현황_08.범위명!J17 -> 100 | K17: =진행현황_09.범위명!J17 -> 100 | L17: =진행현황_10.범위명!J17 -> 100
B18: 범위별 시점 누적실적 | C18: =진행현황_01.범위명!J18 -> 1.875 | D18: =진행현황_02.범위명!J18 -> 0 | E18: =진행현황_03.범위명!$J$18 -> 0 | F18: =진행현황_04.범위명!J18 -> 0 | G18: =진행현황_05.범위명!J18 -> 0 | H18: =진행현황_06.범위명!J18 -> 0 | I18: =진행현황_07.범위명!J18 -> 0 | J18: =진행현황_08.범위명!J18 -> 0 | K18: =진행현황_09.범위명!J18 -> 0 | L18: =진행현황_10.범위명!J18 -> 0
B19: 시점 누적편차 | C19: =진행현황_01.범위명!J19 -> -98.125 | D19: =진행현황_02.범위명!J19 -> -100 | E19: =진행현황_03.범위명!$J$19 -> -100 | F19: =진행현황_04.범위명!J19 -> -100 | G19: =진행현황_05.범위명!J19 -> -100 | H19: =진행현황_06.범위명!J19 -> -100 | I19: =진행현황_07.범위명!J19 -> -100 | J19: =진행현황_08.범위명!J19 -> -100 | K19: =진행현황_09.범위명!J19 -> -100 | L19: =진행현황_10.범위명!J19 -> -100
B20: 시점 누적계획율 | C20: =진행현황_01.범위명!J20 -> 1 | D20: =진행현황_02.범위명!J20 -> 1 | E20: =진행현황_03.범위명!$J$20 -> 1 | F20: =진행현황_04.범위명!J20 -> 1 | G20: =진행현황_05.범위명!J20 -> 1 | H20: =진행현황_06.범위명!J20 -> 1 | I20: =진행현황_07.범위명!J20 -> 1 | J20: =진행현황_08.범위명!J20 -> 1 | K20: =진행현황_09.범위명!J20 -> 1 | L20: =진행현황_10.범위명!J20 -> 1
B21: 시점 누적실적율 | C21: =진행현황_01.범위명!J21 -> 0.01875 | D21: =진행현황_02.범위명!J21 -> 0 | E21: =진행현황_03.범위명!$J$21 -> 0 | F21: =진행현황_04.범위명!J21 -> 0 | G21: =진행현황_05.범위명!J21 -> 0 | H21: =진행현황_06.범위명!J21 -> 0 | I21: =진행현황_07.범위명!J21 -> 0 | J21: =진행현황_08.범위명!J21 -> 0 | K21: =진행현황_09.범위명!J21 -> 0 | L21: =진행현황_10.범위명!J21 -> 0
B22: 계획대비 실적율 | C22: =IF(C17=0, 0, C18/C17) -> 0.01875 | D22: =IF(D17=0, 0, D18/D17) -> 0 | E22: =IF(E17=0, 0, E18/E17) -> 0 | F22: =IF(F17=0, 0, F18/F17) -> 0 | G22: =IF(G17=0, 0, G18/G17) -> 0 | H22: =IF(H17=0, 0, H18/H17) -> 0 | I22: =IF(I17=0, 0, I18/I17) -> 0 | J22: =IF(J17=0, 0, J18/J17) -> 0 | ... L22: =IF(L17=0, 0, L18/L17) -> 0
B23: 계획된 태스크 수 | C23: =진행현황_01.범위명!J23 -> 80 | D23: =진행현황_02.범위명!J23 -> 80 | E23: =진행현황_03.범위명!$J$23 -> 80 | F23: =진행현황_04.범위명!J23 -> 80 | G23: =진행현황_05.범위명!J23 -> 80 | H23: =진행현황_06.범위명!J23 -> 80 | I23: =진행현황_07.범위명!J23 -> 80 | J23: =진행현황_08.범위명!J23 -> 80 | K23: =진행현황_09.범위명!J23 -> 80 | L23: =진행현황_10.범위명!J23 -> 80 | M23: =SUM(C23:L23) -> 800
B24: 진행중인 태스크 수 | C24: =진행현황_01.범위명!J24 -> 0 | D24: =진행현황_02.범위명!J24 -> 0 | E24: =진행현황_03.범위명!$J$24 -> 0 | F24: =진행현황_04.범위명!J24 -> 0 | G24: =진행현황_05.범위명!J24 -> 0 | H24: =진행현황_06.범위명!J24 -> 0 | I24: =진행현황_07.범위명!J24 -> 0 | J24: =진행현황_08.범위명!J24 -> 0 | K24: =진행현황_09.범위명!J24 -> 0 | L24: =진행현황_10.범위명!J24 -> 0 | M24: =SUM(C24:L24) -> 0
B25: 종료된 태스크 수 | C25: =진행현황_01.범위명!J25 -> 2 | D25: =진행현황_02.범위명!J25 -> 0 | E25: =진행현황_03.범위명!$J$25 -> 0 | F25: =진행현황_04.범위명!J25 -> 0 | G25: =진행현황_05.범위명!J25 -> 0 | H25: =진행현황_06.범위명!J25 -> 0 | I25: =진행현황_07.범위명!J25 -> 0 | J25: =진행현황_08.범위명!J25 -> 0 | K25: =진행현황_09.범위명!J25 -> 0 | L25: =진행현황_10.범위명!J25 -> 0 | M25: =SUM(C25:L25) -> 2
B26: 지연된 태스크 수 | C26: =C23-C24-C25 -> 78 | D26: =D23-D24-D25 -> 80 | E26: =E23-E24-E25 -> 80 | F26: =F23-F24-F25 -> 80 | G26: =G23-G24-G25 -> 80 | H26: =H23-H24-H25 -> 80 | I26: =I23-I24-I25 -> 80 | J26: =J23-J24-J25 -> 80 | ... L26: =L23-L24-L25 -> 80 | M26: =SUM(C26:L26) -> 798
B27: 계획된 Review 문서 | C27: =진행현황_01.범위명!J27 -> 0 | D27: =진행현황_02.범위명!J27 -> 0 | E27: =진행현황_03.범위명!$J$27 -> 0 | F27: =진행현황_04.범위명!J27 -> 0 | G27: =진행현황_05.범위명!J27 -> 0 | H27: =진행현황_06.범위명!J27 -> 0 | I27: =진행현황_07.범위명!J27 -> 0 | J27: =진행현황_08.범위명!J27 -> 0 | K27: =진행현황_09.범위명!J27 -> 0 | L27: =진행현황_10.범위명!J27 -> 0 | M27: =SUM(C27:L27) -> 0
B28: 완료된 Review 문서 | C28: =진행현황_01.범위명!J28 -> 0 | D28: =진행현황_02.범위명!J28 -> 0 | E28: =진행현황_03.범위명!$J$28 -> 0 | F28: =진행현황_04.범위명!J28 -> 0 | G28: =진행현황_05.범위명!J28 -> 0 | H28: =진행현황_06.범위명!J28 -> 0 | I28: =진행현황_07.범위명!J28 -> 0 | J28: =진행현황_08.범위명!J28 -> 0 | K28: =진행현황_09.범위명!J28 -> 0 | L28: =진행현황_10.범위명!J28 -> 0 | M28: =SUM(C28:L28) -> 0
B29: 각 단계 Review율 | C29: =진행현황_01.범위명!J29 -> 0 | D29: =진행현황_02.범위명!J29 -> 0 | E29: =진행현황_03.범위명!J29 -> 0 | F29: =진행현황_04.범위명!J29 -> 0 | G29: =진행현황_05.범위명!J29 -> 0 | H29: =진행현황_06.범위명!J29 -> 0 | I29: =진행현황_07.범위명!J29 -> 0 | J29: =진행현황_08.범위명!J29 -> 0 | K29: =진행현황_09.범위명!J29 -> 0 | L29: =진행현황_10.범위명!J29 -> 0 | M29: =IF(M27=0, 0, M28/M27) -> 0
B30: 전체 누적계획 | C30: =C17*C16/100 -> 20 | D30: =D17*D16/100 -> 20 | E30: =E17*E16/100 -> 60 | F30: =F17*F16/100 -> 0 | G30: =G17*G16/100 -> 0 | H30: =H17*H16/100 -> 0 | I30: =I17*I16/100 -> 0 | J30: =J17*J16/100 -> 0 | ... L30: =L17*L16/100 -> 0 | M30: =SUM(C30:L30) -> 100
B31: 전체 누적실적 | C31: =C18*C16/100 -> 0.375 | D31: =D18*D16/100 -> 0 | E31: =E18*E16/100 -> 0 | F31: =F18*F16/100 -> 0 | G31: =G18*G16/100 -> 0 | H31: =H18*H16/100 -> 0 | I31: =I18*I16/100 -> 0 | J31: =J18*J16/100 -> 0 | ... L31: =L18*L16/100 -> 0 | M31: =SUM(C31:L31) -> 0.375
B32: 전체 누적편차 | C32: =C31-C30 -> -19.625 | D32: =D31-D30 -> -20 | E32: =E31-E30 -> -60 | F32: =F31-F30 -> 0 | G32: =G31-G30 -> 0 | H32: =H31-H30 -> 0 | I32: =I31-I30 -> 0 | J32: =J31-J30 -> 0 | ... M32: =M31-M30 -> -99.625
B35: 4. 각 범위별 상세 진행 현황 그래프
B56: 5. 휴일 리스트 | C56: (주5일 근무제 기준, 평일에 휴일인 날)
C58: 월일 | D58: 내용
C59: 45658 | D59: 신정
C60: 45685 | D60: 설날
C61: 45686 | D61: 설날
C62: 45687 | D62: 설날
C63: 45717 | D63: 삼일절
C64: 45719 | D64: 삼일절(대체공휴일)
C65: 45778 | D65: 근로자의날
C66: 45782 | D66: 어린이날
C67: 45783 | D67: 부처님오신날
C68: 45814 | D68: 현충일
C69: 45884 | D69: 광복절
C70: 45933 | D70: 개천절
... C77: 46016 | D77: 크리스마스

Sheet 진행현황_01.범위명
A1: =표지!C13 -> 사업명 입력 | J1: =표지!B7 -> 일정관리 및 통제표 (2025년)
A4: 진척점검 보고서 (01.범위명)
A6: 1. 관리책임자 | B6: 책임자
A8: 2. 전체 진행 현황
A9: - 시점 누적계획 | B9: =SUM(B17:I17) -> 100
A10: - 시점 누적실적 | B10: =SUM(B18:I18) -> 1.875
A11: - 계획대비 실적율 | B11: =IF(B9=0, 0, B10/B9) -> 0.01875
A13: 3. 각 단계별 상세 진행 현황
A15: 구분 | B15: 단계1 | C15: 단계2 | D15: 단계3 | E15: 단계4 | F15: 단계5 | G15: 단계6 | H15: 단계7 | I15: 단계8 | J15: 합계
A16: 단계별 가중치 | B16: 15 | C16: 15 | D16: 15 | E16: 15 | F16: 15 | G16: 5 | H16: 5 | I16: 15 | J16: =SUM(B16:I16) -> 100
A17: 단계별 시점 누적계획 | B17: ='진행율 입력_01.범위명'!L10 -> 15 | C17: ='진행율 입력_01.범위명'!L21 -> 15 | D17: ='진행율 입력_01.범위명'!L32 -> 15 | E17: ='진행율 입력_01.범위명'!L43 -> 15 | F17: ='진행율 입력_01.범위명'!L54 -> 15 | G17: ='진행율 입력_01.범위명'!L65 -> 5 | H17: ='진행율 입력_01.범위명'!L76 -> 5 | I17: ='진행율 입력_01.범위명'!L87 -> 15 | J17: =SUM(B17:I17) -> 100
A18: 단계별 시점 누적실적 | B18: ='진행율 입력_01.범위명'!M10 -> 1.875 | C18: ='진행율 입력_01.범위명'!M21 -> 0 | D18: ='진행율 입력_01.범위명'!M32 -> 0 | E18: ='진행율 입력_01.범위명'!M43 -> 0 | F18: ='진행율 입력_01.범위명'!M54 -> 0 | G18: ='진행율 입력_01.범위명'!M65 -> 0 | H18: ='진행율 입력_01.범위명'!M76 -> 0 | I18: ='진행율 입력_01.범위명'!M87 -> 0 | J18: =SUM(B18:I18) -> 1.875
A19: 시점 누적편차 | B19: =B18-B17 -> -13.125 | C19: =C18-C17 -> -15 | D19: =D18-D17 -> -15 | E19: =E18-E17 -> -15 | F19: =F18-F17 -> -15 | G19: =G18-G17 -> -5 | H19: =H18-H17 -> -5 | I19: =I18-I17 -> -15 | J19: =SUM(B19:I19) -> -98.125
A20: 시점 누적계획율 | B20: ='진행율 입력_01.범위명'!J10 -> 1 | C20: ='진행율 입력_01.범위명'!J21 -> 1 | D20: ='진행율 입력_01.범위명'!J32 -> 1 | E20: ='진행율 입력_01.범위명'!J43 -> 1 | F20: ='진행율 입력_01.범위명'!J54 -> 1 | G20: ='진행율 입력_01.범위명'!J65 -> 1 | H20: ='진행율 입력_01.범위명'!J76 -> 1 | I20: ='진행율 입력_01.범위명'!J87 -> 1 | J20: =IF(J16=0, 0, J17/J16) -> 1
A21: 시점 누적실적율 | B21: ='진행율 입력_01.범위명'!K10 -> 0.125 | C21: ='진행율 입력_01.범위명'!K21 -> 0 | D21: ='진행율 입력_01.범위명'!K32 -> 0 | E21: ='진행율 입력_01.범위명'!K43 -> 0 | F21: ='진행율 입력_01.범위명'!K54 -> 0 | G21: ='진행율 입력_01.범위명'!K65 -> 0 | H21: ='진행율 입력_01.범위명'!K76 -> 0 | I21: ='진행율 입력_01.범위명'!K87 -> 0 | J21: =IF(J16=0, 0, J18/J16) -> 0.01875
A22: 계획대비 실적율 | B22: =IF(B17=0, 0, B18/B17) -> 0.125 | C22: =IF(C17=0,0,C18/C17) -> 0 | D22: =IF(D17=0, 0, D18/D17) -> 0 | E22: =IF(E17=0, 0, E18/E17) -> 0 | F22: =IF(F17=0, 0, F18/F17) -> 0 | G22: =IF(G17=0, 0, G18/G17) -> 0 | H22: =IF(H17=0, 0, H18/H17) -> 0 | I22: =IF(I17=0, 0, I18/I17) -> 0 | J22: =IF(J17=0, 0, J18/J17) -> 0.01875
A23: 계획된 태스크 수 | B23: =COUNTIF('진행율 입력_01.범위명'!J11:J20,">0") -> 10 | C23: =COUNTIF('진행율 입력_01.범위명'!J22:J31,">0") -> 10 | D23: =COUNTIF('진행율 입력_01.범위명'!J33:J42,">0") -> 10 | E23: =COUNTIF('진행율 입력_01.범위명'!J44:J53,">0") -> 10 | F23: =COUNTIF('진행율 입력_01.범위명'!J55:J64,">0") -> 10 | G23: =COUNTIF('진행율 입력_01.범위명'!J66:J75,">0") -> 10 | H23: =COUNTIF('진행율 입력_01.범위명'!J77:J86,">0") -> 10 | I23: =COUNTIF('진행율 입력_01.범위명'!J88:J97,">0") -> 10 | J23: =SUM(B23:I23) -> 80
A24: 진행중인 태스크 수 | B24: =COUNTIF('진행율 입력_01.범위명'!O11:O20,"진행") -> 0 | C24: =COUNTIF('진행율 입력_01.범위명'!O22:O31,"진행") -> 0 | D24: =COUNTIF('진행율 입력_01.범위명'!O33:O42,"진행") -> 0 | E24: =COUNTIF('진행율 입력_01.범위명'!O44:O53,"진행") -> 0 | F24: =COUNTIF('진행율 입력_01.범위명'!O55:O64,"진행") -> 0 | G24: =COUNTIF('진행율 입력_01.범위명'!O66:O75,"진행") -> 0 | H24: =COUNTIF('진행율 입력_01.범위명'!O77:O86,"진행") -> 0 | I24: =COUNTIF('진행율 입력_01.범위명'!O88:O97,"진행") -> 0 | J24: =SUM(B24:I24) -> 0
A25: 종료된 태스크 수 | B25: =COUNTIF('진행율 입력_01.범위명'!O11:O20,"종료") -> 2 | C25: =COUNTIF('진행율 입력_01.범위명'!O22:O31,"종료") -> 0 | D25: =COUNTIF('진행율 입력_01.범위명'!O33:O42,"종료") -> 0 | E25: =COUNTIF('진행율 입력_01.범위명'!O44:O53,"종료") -> 0 | F25: =COUNTIF('진행율 입력_01.범위명'!O55:O64,"종료") -> 0 | G25: =COUNTIF('진행율 입력_01.범위명'!O66:O75,"종료") -> 0 | H25: =COUNTIF('진행율 입력_01.범위명'!O77:O86,"종료") -> 0 | I25: =COUNTIF('진행율 입력_01.범위명'!O88:O97,"종료") -> 0 | J25: =SUM(B25:I25) -> 2
A26: 지연된 태스크 수 | B26: =COUNTIF('진행율 입력_01.범위명'!O11:O20,"지연") -> 8 | C26: =COUNTIF('진행율 입력_01.범위명'!O22:O31,"지연") -> 10 | D26: =COUNTIF('진행율 입력_01.범위명'!O33:O42,"지연") -> 10 | E26: =COUNTIF('진행율 입력_01.범위명'!O44:O53,"지연") -> 10 | F26: =COUNTIF('진행율 입력_01.범위명'!O55:O64,"지연") -> 10 | G26: =COUNTIF('진행율 입력_01.범위명'!O66:O75,"지연") -> 10 | H26: =COUNTIF('진행율 입력_01.범위명'!O77:O86,"지연") -> 10 | I26: =COUNTIF('진행율 입력_01.범위명'!O88:O97,"지연") -> 10 | J26: =SUM(B26:I26) -> 78
A27: 계획된 Review 문서 | B27: 0 | C27: 0 | D27: 0 | E27: 0 | F27: 0 | G27: 0 | H27: 0 | I27: 0 | J27: =SUM(B27:I27) -> 0
A28: 완료된 Review 문서 | B28: 0 | C28: 0 | D28: 0 | E28: 0 | F28: 0 | G28: 0 | H28: 0 | I28: 0 | J28: =SUM(B28:I28) -> 0
A29: 각 단계 Review율 | B29: =IF(B27=0, 0, B28/B27) -> 0 | C29: =IF(C27=0, 0, C28/C27) -> 0 | D29: =IF(D27=0, 0, D28/D27) -> 0 | E29: =IF(E27=0, 0, E28/E27) -> 0 | F29: =IF(F27=0, 0, F28/F27) -> 0 | G29: =IF(G27=0, 0, G28/G27) -> 0 | H29: =IF(H27=0, 0, H28/H27) -> 0 | I29: =IF(I27=0, 0, I28/I27) -> 0 | J29: =IF(J27=0, 0, J28/J27) -> 0
A32: 4. 각 단계별 상세 진행 현황 그래프

Sheet 진행율 입력_01.범위명
A1: =표지!C13 -> 사업명 입력 | Y1: =표지!B7 -> 일정관리 및 통제표 (2025년) | CI1: =표지!B7 -> 일정관리 및 통제표 (2025년)
A3: 범위명 | C3: (범위명)
A5: No | B5: 프로세스 | C5: 액티비티 | D5: 태스크 | E5: 세부 태스크-1 | F5: 세부 태스크-2 | G5: 결과물 | H5: 담당자 | I5: 가중치 | J5: 계획 진척 | K5: 실제 진척 | L5: 가중치 계획 | M5: 가중치 실적 | N5: 편차 | O5: 진행 상태 | P5: 계획시작일 | Q5: 계획종료일 | R5: 계획공수 | S5: 실제시작일 | T5: 실제종료일 | U5: 실제공수 | V5: 선행 태스크No | W5: 일정 준수 여부 | X5: CP | Y5: 계획 작업기간 | Z5: 실제 작업기간 | AA5: 01월 | AF5: 02월 | AJ5: 03월 | AN5: 04월 | AS5: 05월 | AW5: 06월 | BA5: 07월 | BF5: 08월 | BJ5: 09월 | BN5: 10월 | BS5: 11월 | BW5: 12월 | CB5: 2026년 1월 | CF5: 2026년 2월
AA6: 1W | AB6: 2W | AC6: 3W | AD6: 4W | AE6: 5W | AF6: 6W | AG6: 7W | AH6: 8W | AI6: 9W | AJ6: 10W | AK6: 11W | AL6: 12W | AM6: 13W | AN6: 14W | AO6: 15W | AP6: 16W | AQ6: 17W | AR6: 18W | AS6: 19W | AT6: 20W | AU6: 21W | AV6: 22W | AW6: 23W | AX6: 24W | AY6: 25W | AZ6: 26W | BA6: 27W | BB6: 28W | BC6: 29W | BD6: 30W | BE6: 31W | BF6: 32W | BG6: 33W | BH6: 34W | BI6: 35W | BJ6: 36W | BK6: 37W | BL6: 38W | BM6: 39W | BN6: 40W | BO6: 41W | BP6: 42W | BQ6: 43W | BR6: 44W | BS6: 45W | BT6: 46W | BU6: 47W | BV6: 48W | BW6: 49W | BX6: 50W | BY6: 51W | BZ6: 52W | CA6: 53W | CB6: 54W | CC6: 55W | CD6: 56W | CE6: 57W | CF6: 58W | CG6: 59W | CH6: 60W | CI6: 61W
AA7: 45656 | AB7: =AA7+7 -> 45663 | AC7: =AB7+7 -> 45670 | AD7: =AC7+7 -> 45677 | AE7: =AD7+7 -> 45684 | AF7: =AE7+7 -> 45691 | AG7: =AF7+7 -> 45698 | AH7: =AG7+7 -> 45705 | AI7: =AH7+7 -> 45712 | ... CI7: =CH7+7 -> 46076
AA8: =AA7+4 -> 45660 | AB8: =AB7+4 -> 45667 | AC8: =AC7+4 -> 45674 | AD8: =AD7+4 -> 45681 | AE8: =AE7+4 -> 45688 | AF8: =AF7+4 -> 45695 | AG8: =AG7+4 -> 45702 | AH8: =AH7+4 -> 45709 | ... CI8: =CI7+4 -> 46080
A9: 0 | I9: =SUM(I10,I21,I32,I43,I65,I54,I76,I87) -> 100 | P9: =MIN(P10,P21,P32,P43,P54,P65,P76,P87) -> 0 | Q9: =MAX(Q10,Q21,Q32,Q43,Q54,Q65,Q76,Q87) -> 45730 | X9: =IF(ISBLANK(V9),"",(DAYS360(VLOOKUP(V9,$A$9:$Q$97,15,FALSE),P9)-1)) | Y9: =NETWORKDAYS(P9,Q9,진행현황_전체!C$59:C$77) -> 32660
A10: 1 | B10: =진행현황_01.범위명!B15 -> 단계1 | H10: =SUM(I11:I20) -> 100 | I10: =진행현황_01.범위명!B16 -> 15 | J10: =SUM(L11:L20) -> 1 | K10: =SUM(M11:M20) -> 0.125 | L10: =SUM(L11:L20)*I10 -> 15 | M10: =SUM(M11:M20)*I10 -> 1.875 | N10: =M10-L10 -> -13.125 | P10: =MIN(P11:P20) -> 45726 | Q10: =MAX(Q11:Q20) -> 45730 | S10: =MIN(S11:S20) -> 45659 | T10: =MAX(T11:T20) -> 45669 | W10: 0.5 | X10: =IF(ISBLANK(V10),"",(DAYS360(VLOOKUP(V10,$A$9:$Q$97,15,FALSE),P10)-1)) | Y10: =NETWORKDAYS(P10,Q10,진행현황_전체!C$59:C$77) -> 5
A11: 1.1 | I11: 2 | J11: =IF(CheckDay>=Q11,1,IF(CheckDay<P11, 0,DAYS360(P11,CheckDay+1)/Y11)) -> 1 | K11: 1 | L11: =I11*J11/100 -> 0.02 | M11: =I11*K11/100 -> 0.02 | N11: =M11-L11 -> 0 | O11: =IF(AND(K11=0%,N11=0),"",IF(N11<0,"지연",IF(K11=100%,"종료","진행"))) -> 종료 | P11: 45726 | Q11: 45730 | S11: 45659 | T11: 45662 | W11: O | X11: =IF(ISBLANK(V11),"",(DAYS360(VLOOKUP(V11,$A$9:$Q$97,15,FALSE),P11)-1)) | Y11: =NETWORKDAYS(P11,Q11,진행현황_전체!C$59:C$77) -> 5 | AA11: =IF(OR((AND($P11<=AA$7,AND($Q11<=AA$8, $Q11>=AA$7))),(AND(AND($P11>=AA$7, $P11<=AA$8),$Q11>=AA$8)), AND($P11>=AA$7, $Q11<=AA$8), AND($P11<=AA$7,$Q11>=AA$8)),1,0) -> 0 | AB11: =IF(OR((AND($P11<=AB$7,AND($Q11<=AB$8, $Q11>=AB$7))),(AND(AND($P11>=AB$7, $P11<=AB$8),$Q11>=AB$8)), AND($P11>=AB$7, $Q11<=AB$8), AND($P11<=AB$7,$Q11>=AB$8)),1,0) -> 0 | AC11: =IF(OR((AND($P11<=AC$7,AND($Q11<=AC$8, $Q11>=AC$7))),(AND(AND($P11>=AC$7, $P11<=AC$8),$Q11>=AC$8)), AND($P11>=AC$7, $Q11<=AC$8), AND($P11<=AC$7,$Q11>=AC$8)),1,0) -> 0 | AD11: =IF(OR((AND($P11<=AD$7,AND($Q11<=AD$8, $Q11>=AD$7))),(AND(AND($P11>=AD$7, $P11<=AD$8),$Q11>=AD$8)), AND($P11>=AD$7, $Q11<=AD$8), AND($P11<=AD$7,$Q11>=AD$8)),1,0) -> 0 | AE11: =IF(OR((AND($P11<=AE$7,AND($Q11<=AE$8, $Q11>=AE$7))),(AND(AND($P11>=AE$7, $P11<=AE$8),$Q11>=AE$8)), AND($P11>=AE$7, $Q11<=AE$8), AND($P11<=AE$7,$Q11>=AE$8)),1,0) -> 0 | AF11: =IF(OR((AND($P11<=AF$7,AND($Q11<=AF$8, $Q11>=AF$7))),(AND(AND($P11>=AF$7, $P11<=AF$8),$Q11>=AF$8)), AND($P11>=AF$7, $Q11<=AF$8), AND($P11<=AF$7,$Q11>=AF$8)),1,0) -> 0 | AG11: =IF(OR((AND($P11<=AG$7,AND($Q11<=AG$8, $Q11>=AG$7))),(AND(AND($P11>=AG$7, $P11<=AG$8),$Q11>=AG$8)), AND($P11>=AG$7, $Q11<=AG$8), AND($P11<=AG$7,$Q11>=AG$8)),1,0) -> 0 | AH11: =IF(OR((AND($P11<=AH$7,AND($Q11<=AH$8, $Q11>=AH$7))),(AND(AND($P11>=AH$7, $P11<=AH$8),$Q11>=AH$8)), AND($P11>=AH$7, $Q11<=AH$8), AND($P11<=AH$7,$Q11>=AH$8)),1,0) -> 0 | ... CI11: =IF(OR((AND($P11<=CI$7,AND($Q11<=CI$8, $Q11>=CI$7))),(AND(AND($P11>=CI$7, $P11<=CI$8),$Q11>=CI$8)), AND($P11>=CI$7, $Q11<=CI$8), AND($P11<=CI$7,$Q11>=CI$8)),1,0) -> 0
A12: 1.2 | I12: 10 | J12: =IF(CheckDay>=Q12,1,IF(CheckDay<P12, 0,DAYS360(P12,CheckDay+1)/Y12)) -> 1 | K12: 1 | L12: =I12*J12/100 -> 0.1 | M12: =I12*K12/100 -> 0.1 | N12: =M12-L12 -> 0 | O12: =IF(AND(K12=0%,N12=0),"",IF(N12<0,"지연",IF(K12=100%,"종료","진행"))) -> 종료 | P12: 45726 | Q12: 45730 | S12: 45667 | T12: 45669 | W12: X | X12: =IF(ISBLANK(V12),"",(DAYS360(VLOOKUP(V12,$A$9:$Q$97,15,FALSE),P12)-1)) | Y12: =NETWORKDAYS(P12,Q12,진행현황_전체!C$59:C$77) -> 5 | AA12: =IF(OR((AND($P12<=AA$7,AND($Q12<=AA$8, $Q12>=AA$7))),(AND(AND($P12>=AA$7, $P12<=AA$8),$Q12>=AA$8)), AND($P12>=AA$7, $Q12<=AA$8), AND($P12<=AA$7,$Q12>=AA$8)),1,0) -> 0 | AB12: =IF(OR((AND($P12<=AB$7,AND($Q12<=AB$8, $Q12>=AB$7))),(AND(AND($P12>=AB$7, $P12<=AB$8),$Q12>=AB$8)), AND($P12>=AB$7, $Q12<=AB$8), AND($P12<=AB$7,$Q12>=AB$8)),1,0) -> 0 | AC12: =IF(OR((AND($P12<=AC$7,AND($Q12<=AC$8, $Q12>=AC$7))),(AND(AND($P12>=AC$7, $P12<=AC$8),$Q12>=AC$8)), AND($P12>=AC$7, $Q12<=AC$8), AND($P12<=AC$7,$Q12>=AC$8)),1,0) -> 0 | AD12: =IF(OR((AND($P12<=AD$7,AND($Q12<=AD$8, $Q12>=AD$7))),(AND(AND($P12>=AD$7, $P12<=AD$8),$Q12>=AD$8)), AND($P12>=AD$7, $Q12<=AD$8), AND($P12<=AD$7,$Q12>=AD$8)),1,0) -> 0 | AE12: =IF(OR((AND($P12<=AE$7,AND($Q12<=AE$8, $Q12>=AE$7))),(AND(AND($P12>=AE$7, $P12<=AE$8),$Q12>=AE$8)), AND($P12>=AE$7, $Q12<=AE$8), AND($P12<=AE$7,$Q12>=AE$8)),1,0) -> 0 | AF12: =IF(OR((AND($P12<=AF$7,AND($Q12<=AF$8, $Q12>=AF$7))),(AND(AND($P12>=AF$7, $P12<=AF$8),$Q12>=AF$8)), AND($P12>=AF$7, $Q12<=AF$8), AND($P12<=AF$7,$Q12>=AF$8)),1,0) -> 0 | AG12: =IF(OR((AND($P12<=AG$7,AND($Q12<=AG$8, $Q12>=AG$7))),(AND(AND($P12>=AG$7, $P12<=AG$8),$Q12>=AG$8)), AND($P12>=AG$7, $Q12<=AG$8), AND($P12<=AG$7,$Q12>=AG$8)),1,0) -> 0 | AH12: =IF(OR((AND($P12<=AH$7,AND($Q12<=AH$8, $Q12>=AH$7))),(AND(AND($P12>=AH$7, $P12<=AH$8),$Q12>=AH$8)), AND($P12>=AH$7, $Q12<=AH$8), AND($P12<=AH$7,$Q12>=AH$8)),1,0) -> 0 | ... CI12: =IF(OR((AND($P12<=CI$7,AND($Q12<=CI$8, $Q12>=CI$7))),(AND(AND($P12>=CI$7, $P12<=CI$8),$Q12>=CI$8)), AND($P12>=CI$7, $Q12<=CI$8), AND($P12<=CI$7,$Q12>=CI$8)),1,0) -> 0
A13: 1.3 | I13: 5 | J13: =IF(CheckDay>=Q13,1,IF(CheckDay<P13, 0,DAYS360(P13,CheckDay+1)/Y13)) -> 1 | K13: 0.1 | L13: =I13*J13/100 -> 0.05 | M13: =I13*K13/100 -> 0.005 | N13: =M13-L13 -> -0.045 | O13: =IF(AND(K13=0%,N13=0),"",IF(N13<0,"지연",IF(K13=100%,"종료","진행"))) -> 지연 | W13: O | X13: =IF(ISBLANK(V13),"",(DAYS360(VLOOKUP(V13,$A$9:$Q$97,15,FALSE),P13)-1)) | Y13: =NETWORKDAYS(P13,Q13,진행현황_전체!C$59:C$77) -> 0 | AA13: =IF(OR((AND($P13<=AA$7,AND($Q13<=AA$8, $Q13>=AA$7))),(AND(AND($P13>=AA$7, $P13<=AA$8),$Q13>=AA$8)), AND($P13>=AA$7, $Q13<=AA$8), AND($P13<=AA$7,$Q13>=AA$8)),1,0) -> 0 | AB13: =IF(OR((AND($P13<=AB$7,AND($Q13<=AB$8, $Q13>=AB$7))),(AND(AND($P13>=AB$7, $P13<=AB$8),$Q13>=AB$8)), AND($P13>=AB$7, $Q13<=AB$8), AND($P13<=AB$7,$Q13>=AB$8)),1,0) -> 0 | AC13: =IF(OR((AND($P13<=AC$7,AND($Q13<=AC$8, $Q13>=AC$7))),(AND(AND($P13>=AC$7, $P13<=AC$8),$Q13>=AC$8)), AND($P13>=AC$7, $Q13<=AC$8), AND($P13<=AC$7,$Q13>=AC$8)),1,0) -> 0 | AD13: =IF(OR((AND($P13<=AD$7,AND($Q13<=AD$8, $Q13>=AD$7))),(AND(AND($P13>=AD$7, $P13<=AD$8),$Q13>=AD$8)), AND($P13>=AD$7, $Q13<=AD$8), AND($P13<=AD$7,$Q13>=AD$8)),1,0) -> 0 | AE13: =IF(OR((AND($P13<=AE$7,AND($Q13<=AE$8, $Q13>=AE$7))),(AND(AND($P13>=AE$7, $P13<=AE$8),$Q13>=AE$8)), AND($P13>=AE$7, $Q13<=AE$8), AND($P13<=AE$7,$Q13>=AE$8)),1,0) -> 0 | AF13: =IF(OR((AND($P13<=AF$7,AND($Q13<=AF$8, $Q13>=AF$7))),(AND(AND($P13>=AF$7, $P13<=AF$8),$Q13>=AF$8)), AND($P13>=AF$7, $Q13<=AF$8), AND($P13<=AF$7,$Q13>=AF$8)),1,0) -> 0 | AG13: =IF(OR((AND($P13<=AG$7,AND($Q13<=AG$8, $Q13>=AG$7))),(AND(AND($P13>=AG$7, $P13<=AG$8),$Q13>=AG$8)), AND($P13>=AG$7, $Q13<=AG$8), AND($P13<=AG$7,$Q13>=AG$8)),1,0) -> 0 | AH13: =IF(OR((AND($P13<=AH$7,AND($Q13<=AH$8, $Q13>=AH$7))),(AND(AND($P13>=AH$7, $P13<=AH$8),$Q13>=AH$8)), AND($P13>=AH$7, $Q13<=AH$8), AND($P13<=AH$7,$Q13>=AH$8)),1,0) -> 0 | ... CI13: =IF(OR((AND($P13<=CI$7,AND($Q13<=CI$8, $Q13>=CI$7))),(AND(AND($P13>=CI$7, $P13<=CI$8),$Q13>=CI$8)), AND($P13>=CI$7, $Q13<=CI$8), AND($P13<=CI$7,$Q13>=CI$8)),1,0) -> 0
A14: 1.4 | I14: 10 | J14: =IF(CheckDay>=Q14,1,IF(CheckDay<P14, 0,DAYS360(P14,CheckDay+1)/Y14)) -> 1 | K14: 0 | L14: =I14*J14/100 -> 0.1 | M14: =I14*K14/100 -> 0 | N14: =M14-L14 -> -0.1 | O14: =IF(AND(K14=0%,N14=0),"",IF(N14<0,"지연",IF(K14=100%,"종료","진행"))) -> 지연 | W14: X | X14: =IF(ISBLANK(V14),"",(DAYS360(VLOOKUP(V14,$A$9:$Q$97,15,FALSE),P14)-1)) | Y14: =NETWORKDAYS(P14,Q14,진행현황_전체!C$59:C$77) -> 0 | AA14: =IF(OR((AND($P14<=AA$7,AND($Q14<=AA$8, $Q14>=AA$7))),(AND(AND($P14>=AA$7, $P14<=AA$8),$Q14>=AA$8)), AND($P14>=AA$7, $Q14<=AA$8), AND($P14<=AA$7,$Q14>=AA$8)),1,0) -> 0 | AB14: =IF(OR((AND($P14<=AB$7,AND($Q14<=AB$8, $Q14>=AB$7))),(AND(AND($P14>=AB$7, $P14<=AB$8),$Q14>=AB$8)), AND($P14>=AB$7, $Q14<=AB$8), AND($P14<=AB$7,$Q14>=AB$8)),1,0) -> 0 | AC14: =IF(OR((AND($P14<=AC$7,AND($Q14<=AC$8, $Q14>=AC$7))),(AND(AND($P14>=AC$7, $P14<=AC$8),$Q14>=AC$8)), AND($P14>=AC$7, $Q14<=AC$8), AND($P14<=AC$7,$Q14>=AC$8)),1,0) -> 0 | AD14: =IF(OR((AND($P14<=AD$7,AND($Q14<=AD$8, $Q14>=AD$7))),(AND(AND($P14>=AD$7, $P14<=AD$8),$Q14>=AD$8)), AND($P14>=AD$7, $Q14<=AD$8), AND($P14<=AD$7,$Q14>=AD$8)),1,0) -> 0 | AE14: =IF(OR((AND($P14<=AE$7,AND($Q14<=AE$8, $Q14>=AE$7))),(AND(AND($P14>=AE$7, $P14<=AE$8),$Q14>=AE$8)), AND($P14>=AE$7, $Q14<=AE$8), AND($P14<=AE$7,$Q14>=AE$8)),1,0) -> 0 | AF14: =IF(OR((AND($P14<=AF$7,AND($Q14<=AF$8, $Q14>=AF$7))),(AND(AND($P14>=AF$7, $P14<=AF$8),$Q14>=AF$8)), AND($P14>=AF$7, $Q14<=AF$8), AND($P14<=AF$7,$Q14>=AF$8)),1,0) -> 0 | AG14: =IF(OR((AND($P14<=AG$7,AND($Q14<=AG$8, $Q14>=AG$7))),(AND(AND($P14>=AG$7, $P14<=AG$8),$Q14>=AG$8)), AND($P14>=AG$7, $Q14<=AG$8), AND($P14<=AG$7,$Q14>=AG$8)),1,0) -> 0 | AH14: =IF(OR((AND($P14<=AH$7,AND($Q14<=AH$8, $Q14>=AH$7))),(AND(AND($P14>=AH$7, $P14<=AH$8),$Q14>=AH$8)), AND($P14>=AH$7, $Q14<=AH$8), AND($P14<=AH$7,$Q14>=AH$8)),1,0) -> 0 | ... CI14: =IF(OR((AND($P14<=CI$7,AND($Q14<=CI$8, $Q14>=CI$7))),(AND(AND($P14>=CI$7, $P14<=CI$8),$Q14>=CI$8)), AND($P14>=CI$7, $Q14<=CI$8), AND($P14<=CI$7,$Q14>=CI$8)),1,0) -> 0
A15: 1.5 | I15: 10 | J15: =IF(CheckDay>=Q15,1,IF(CheckDay<P15, 0,DAYS360(P15,CheckDay+1)/Y15)) -> 1 | K15: 0 | L15: =I15*J15/100 -> 0.1 | M15: =I15*K15/100 -> 0 | N15: =M15-L15 -> -0.1 | O15: =IF(AND(K15=0%,N15=0),"",IF(N15<0,"지연",IF(K15=100%,"종료","진행"))) -> 지연 | W15: O | X15: =IF(ISBLANK(V15),"",(DAYS360(VLOOKUP(V15,$A$9:$Q$97,15,FALSE),P15)-1)) | Y15: =NETWORKDAYS(P15,Q15,진행현황_전체!C$59:C$77) -> 0 | AA15: =IF(OR((AND($P15<=AA$7,AND($Q15<=AA$8, $Q15>=AA$7))),(AND(AND($P15>=AA$7, $P15<=AA$8),$Q15>=AA$8)), AND($P15>=AA$7, $Q15<=AA$8), AND($P15<=AA$7,$Q15>=AA$8)),1,0) -> 0 | AB15: =IF(OR((AND($P15<=AB$7,AND($Q15<=AB$8, $Q15>=AB$7))),(AND(AND($P15>=AB$7, $P15<=AB$8),$Q15>=AB$8)), AND($P15>=AB$7, $Q15<=AB$8), AND($P15<=AB$7,$Q15>=AB$8)),1,0) -> 0 | AC15: =IF(OR((AND($P15<=AC$7,AND($Q15<=AC$8, $Q15>=AC$7))),(AND(AND($P15>=AC$7, $P15<=AC$8),$Q15>=AC$8)), AND($P15>=AC$7, $Q15<=AC$8), AND($P15<=AC$7,$Q15>=AC$8)),1,0) -> 0 | AD15: =IF(OR((AND($P15<=AD$7,AND($Q15<=AD$8, $Q15>=AD$7))),(AND(AND($P15>=AD$7, $P15<=AD$8),$Q15>=AD$8)), AND($P15>=AD$7, $Q15<=AD$8), AND($P15<=AD$7,$Q15>=AD$8)),1,0) -> 0 | AE15: =IF(OR((AND($P15<=AE$7,AND($Q15<=AE$8, $Q15>=AE$7))),(AND(AND($P15>=AE$7, $P15<=AE$8),$Q15>=AE$8)), AND($P15>=AE$7, $Q15<=AE$8), AND($P15<=AE$7,$Q15>=AE$8)),1,0) -> 0 | AF15: =IF(OR((AND($P15<=AF$7,AND($Q15<=AF$8, $Q15>=AF$7))),(AND(AND($P15>=AF$7, $P15<=AF$8),$Q15>=AF$8)), AND($P15>=AF$7, $Q15<=AF$8), AND($P15<=AF$7,$Q15>=AF$8)),1,0) -> 0 | AG15: =IF(OR((AND($P15<=AG$7,AND($Q15<=AG$8, $Q15>=AG$7))),(AND(AND($P15>=AG$7, $P15<=AG$8),$Q15>=AG$8)), AND($P15>=AG$7, $Q15<=AG$8), AND($P15<=AG$7,$Q15>=AG$8)),1,0) -> 0 | AH15: =IF(OR((AND($P15<=AH$7,AND($Q15<=AH$8, $Q15>=AH$7))),(AND(AND($P15>=AH$7, $P15<=AH$8),$Q15>=AH$8)), AND($P15>=AH$7, $Q15<=AH$8), AND($P15<=AH$7,$Q15>=AH$8)),1,0) -> 0 | ... CI15: =IF(OR((AND($P15<=CI$7,AND($Q15<=CI$8, $Q15>=CI$7))),(AND(AND($P15>=CI$7, $P15<=CI$8),$Q15>=CI$8)), AND($P15>=CI$7, $Q15<=CI$8), AND($P15<=CI$7,$Q15>=CI$8)),1,0) -> 0
A16: 1.6 | I16: 18 | J16: =IF(CheckDay>=Q16,1,IF(CheckDay<P16, 0,DAYS360(P16,CheckDay+1)/Y16)) -> 1 | K16: 0 | L16: =I16*J16/100 -> 0.18 | M16: =I16*K16/100 -> 0 | N16: =M16-L16 -> -0.18 | O16: =IF(AND(K16=0%,N16=0),"",IF(N16<0,"지연",IF(K16=100%,"종료","진행"))) -> 지연 | W16: X | X16: =IF(ISBLANK(V16),"",(DAYS360(VLOOKUP(V16,$A$9:$Q$97,15,FALSE),P16)-1)) | Y16: =NETWORKDAYS(P16,Q16,진행현황_전체!C$59:C$77) -> 0 | AA16: =IF(OR((AND($P16<=AA$7,AND($Q16<=AA$8, $Q16>=AA$7))),(AND(AND($P16>=AA$7, $P16<=AA$8),$Q16>=AA$8)), AND($P16>=AA$7, $Q16<=AA$8), AND($P16<=AA$7,$Q16>=AA$8)),1,0) -> 0 | AB16: =IF(OR((AND($P16<=AB$7,AND($Q16<=AB$8, $Q16>=AB$7))),(AND(AND($P16>=AB$7, $P16<=AB$8),$Q16>=AB$8)), AND($P16>=AB$7, $Q16<=AB$8), AND($P16<=AB$7,$Q16>=AB$8)),1,0) -> 0 | AC16: =IF(OR((AND($P16<=AC$7,AND($Q16<=AC$8, $Q16>=AC$7))),(AND(AND($P16>=AC$7, $P16<=AC$8),$Q16>=AC$8)), AND($P16>=AC$7, $Q16<=AC$8), AND($P16<=AC$7,$Q16>=AC$8)),1,0) -> 0 | AD16: =IF(OR((AND($P16<=AD$7,AND($Q16<=AD$8, $Q16>=AD$7))),(AND(AND($P16>=AD$7, $P16<=AD$8),$Q16>=AD$8)), AND($P16>=AD$7, $Q16<=AD$8), AND($P16<=AD$7,$Q16>=AD$8)),1,0) -> 0 | AE16: =IF(OR((AND($P16<=AE$7,AND($Q16<=AE$8, $Q16>=AE$7))),(AND(AND($P16>=AE$7, $P16<=AE$8),$Q16>=AE$8)), AND($P16>=AE$7, $Q16<=AE$8), AND($P16<=AE$7,$Q16>=AE$8)),1,0) -> 0 | AF16: =IF(OR((AND($P16<=AF$7,AND($Q16<=AF$8, $Q16>=AF$7))),(AND(AND($P16>=AF$7, $P16<=AF$8),$Q16>=AF$8)), AND($P16>=AF$7, $Q16<=AF$8), AND($P16<=AF$7,$Q16>=AF$8)),1,0) -> 0 | AG16: =IF(OR((AND($P16<=AG$7,AND($Q16<=AG$8, $Q16>=AG$7))),(AND(AND($P16>=AG$7, $P16<=AG$8),$Q16>=AG$8)), AND($P16>=AG$7, $Q16<=AG$8), AND($P16<=AG$7,$Q16>=AG$8)),1,0) -> 0 | AH16: =IF(OR((AND($P16<=AH$7,AND($Q16<=AH$8, $Q16>=AH$7))),(AND(AND($P16>=AH$7, $P16<=AH$8),$Q16>=AH$8)), AND($P16>=AH$7, $Q16<=AH$8), AND($P16<=AH$7,$Q16>=AH$8)),1,0) -> 0 | ... CI16: =IF(OR((AND($P16<=CI$7,AND($Q16<=CI$8, $Q16>=CI$7))),(AND(AND($P16>=CI$7, $P16<=CI$8),$Q16>=CI$8)), AND($P16>=CI$7, $Q16<=CI$8), AND($P16<=CI$7,$Q16>=CI$8)),1,0) -> 0
A17: 1.7 | I17: 10 | J17: =IF(CheckDay>=Q17,1,IF(CheckDay<P17, 0,DAYS360(P17,CheckDay+1)/Y17)) -> 1 | K17: 0 | L17: =I17*J17/100 -> 0.1 | M17: =I17*K17/100 -> 0 | N17: =M17-L17 -> -0.1 | O17: =IF(AND(K17=0%,N17=0),"",IF(N17<0,"지연",IF(K17=100%,"종료","진행"))) -> 지연 | W17: O | X17: =IF(ISBLANK(V17),"",(DAYS360(VLOOKUP(V17,$A$9:$Q$97,15,FALSE),P17)-1)) | Y17: =NETWORKDAYS(P17,Q17,진행현황_전체!C$59:C$77) -> 0 | AA17: =IF(OR((AND($P17<=AA$7,AND($Q17<=AA$8, $Q17>=AA$7))),(AND(AND($P17>=AA$7, $P17<=AA$8),$Q17>=AA$8)), AND($P17>=AA$7, $Q17<=AA$8), AND($P17<=AA$7,$Q17>=AA$8)),1,0) -> 0 | AB17: =IF(OR((AND($P17<=AB$7,AND($Q17<=AB$8, $Q17>=AB$7))),(AND(AND($P17>=AB$7, $P17<=AB$8),$Q17>=AB$8)), AND($P17>=AB$7, $Q17<=AB$8), AND($P17<=AB$7,$Q17>=AB$8)),1,0) -> 0 | AC17: =IF(OR((AND($P17<=AC$7,AND($Q17<=AC$8, $Q17>=AC$7))),(AND(AND($P17>=AC$7, $P17<=AC$8),$Q17>=AC$8)), AND($P17>=AC$7, $Q17<=AC$8), AND($P17<=AC$7,$Q17>=AC$8)),1,0) -> 0 | AD17: =IF(OR((AND($P17<=AD$7,AND($Q17<=AD$8, $Q17>=AD$7))),(AND(AND($P17>=AD$7, $P17<=AD$8),$Q17>=AD$8)), AND($P17>=AD$7, $Q17<=AD$8), AND($P17<=AD$7,$Q17>=AD$8)),1,0) -> 0 | AE17: =IF(OR((AND($P17<=AE$7,AND($Q17<=AE$8, $Q17>=AE$7))),(AND(AND($P17>=AE$7, $P17<=AE$8),$Q17>=AE$8)), AND($P17>=AE$7, $Q17<=AE$8), AND($P17<=AE$7,$Q17>=AE$8)),1,0) -> 0 | AF17: =IF(OR((AND($P17<=AF$7,AND($Q17<=AF$8, $Q17>=AF$7))),(AND(AND($P17>=AF$7, $P17<=AF$8),$Q17>=AF$8)), AND($P17>=AF$7, $Q17<=AF$8), AND($P17<=AF$7,$Q17>=AF$8)),1,0) -> 0 | AG17: =IF(OR((AND($P17<=AG$7,AND($Q17<=AG$8, $Q17>=AG$7))),(AND(AND($P17>=AG$7, $P17<=AG$8),$Q17>=AG$8)), AND($P17>=AG$7, $Q17<=AG$8), AND($P17<=AG$7,$Q17>=AG$8)),1,0) -> 0 | AH17: =IF(OR((AND($P17<=AH$7,AND($Q17<=AH$8, $Q17>=AH$7))),(AND(AND($P17>=AH$7, $P17<=AH$8),$Q17>=AH$8)), AND($P17>=AH$7, $Q17<=AH$8), AND($P17<=AH$7,$Q17>=AH$8)),1,0) -> 0 | ... CI17: =IF(OR((AND($P17<=CI$7,AND($Q17<=CI$8, $Q17>=CI$7))),(AND(AND($P17>=CI$7, $P17<=CI$8),$Q17>=CI$8)), AND($P17>=CI$7, $Q17<=CI$8), AND($P17<=CI$7,$Q17>=CI$8)),1,0) -> 0
A18: 1.8 | I18: 15 | J18: =IF(CheckDay>=Q18,1,IF(CheckDay<P18, 0,DAYS360(P18,CheckDay+1)/Y18)) -> 1 | K18: 0 | L18: =I18*J18/100 -> 0.15 | M18: =I18*K18/100 -> 0 | N18: =M18-L18 -> -0.15 | O18: =IF(AND(K18=0%,N18=0),"",IF(N18<0,"지연",IF(K18=100%,"종료","진행"))) -> 지연 | W18: X | X18: =IF(ISBLANK(V18),"",(DAYS360(VLOOKUP(V18,$A$9:$Q$97,15,FALSE),P18)-1)) | Y18: =NETWORKDAYS(P18,Q18,진행현황_전체!C$59:C$77) -> 0 | AA18: =IF(OR((AND($P18<=AA$7,AND($Q18<=AA$8, $Q18>=AA$7))),(AND(AND($P18>=AA$7, $P18<=AA$8),$Q18>=AA$8)), AND($P18>=AA$7, $Q18<=AA$8), AND($P18<=AA$7,$Q18>=AA$8)),1,0) -> 0 | AB18: =IF(OR((AND($P18<=AB$7,AND($Q18<=AB$8, $Q18>=AB$7))),(AND(AND($P18>=AB$7, $P18<=AB$8),$Q18>=AB$8)), AND($P18>=AB$7, $Q18<=AB$8), AND($P18<=AB$7,$Q18>=AB$8)),1,0) -> 0 | AC18: =IF(OR((AND($P18<=AC$7,AND($Q18<=AC$8, $Q18>=AC$7))),(AND(AND($P18>=AC$7, $P18<=AC$8),$Q18>=AC$8)), AND($P18>=AC$7, $Q18<=AC$8), AND($P18<=AC$7,$Q18>=AC$8)),1,0) -> 0 | AD18: =IF(OR((AND($P18<=AD$7,AND($Q18<=AD$8, $Q18>=AD$7))),(AND(AND($P18>=AD$7, $P18<=AD$8),$Q18>=AD$8)), AND($P18>=AD$7, $Q18<=AD$8), AND($P18<=AD$7,$Q18>=AD$8)),1,0) -> 0 | AE18: =IF(OR((AND($P18<=AE$7,AND($Q18<=AE$8, $Q18>=AE$7))),(AND(AND($P18>=AE$7, $P18<=AE$8),$Q18>=AE$8)), AND($P18>=AE$7, $Q18<=AE$8), AND($P18<=AE$7,$Q18>=AE$8)),1,0) -> 0 | AF18: =IF(OR((AND($P18<=AF$7,AND($Q18<=AF$8, $Q18>=AF$7))),(AND(AND($P18>=AF$7, $P18<=AF$8),$Q18>=AF$8)), AND($P18>=AF$7, $Q18<=AF$8), AND($P18<=AF$7,$Q18>=AF$8)),1,0) -> 0 | AG18: =IF(OR((AND($P18<=AG$7,AND($Q18<=AG$8, $Q18>=AG$7))),(AND(AND($P18>=AG$7, $P18<=AG$8),$Q18>=AG$8)), AND($P18>=AG$7, $Q18<=AG$8), AND($P18<=AG$7,$Q18>=AG$8)),1,0) -> 0 | AH18: =IF(OR((AND($P18<=AH$7,AND($Q18<=AH$8, $Q18>=AH$7))),(AND(AND($P18>=AH$7, $P18<=AH$8),$Q18>=AH$8)), AND($P18>=AH$7, $Q18<=AH$8), AND($P18<=AH$7,$Q18>=AH$8)),1,0) -> 0 | ... CI18: =IF(OR((AND($P18<=CI$7,AND($Q18<=CI$8, $Q18>=CI$7))),(AND(AND($P18>=CI$7, $P18<=CI$8),$Q18>=CI$8)), AND($P18>=CI$7, $Q18<=CI$8), AND($P18<=CI$7,$Q18>=CI$8)),1,0) -> 0
A19: 1.9 | I19: 10 | J19: =IF(CheckDay>=Q19,1,IF(CheckDay<P19, 0,DAYS360(P19,CheckDay+1)/Y19)) -> 1 | K19: 0 | L19: =I19*J19/100 -> 0.1 | M19: =I19*K19/100 -> 0 | N19: =M19-L19 -> -0.1 | O19: =IF(AND(K19=0%,N19=0),"",IF(N19<0,"지연",IF(K19=100%,"종료","진행"))) -> 지연 | W19: O | X19: =IF(ISBLANK(V19),"",(DAYS360(VLOOKUP(V19,$A$9:$Q$97,15,FALSE),P19)-1)) | Y19: =NETWORKDAYS(P19,Q19,진행현황_전체!C$59:C$77) -> 0 | AA19: =IF(OR((AND($P19<=AA$7,AND($Q19<=AA$8, $Q19>=AA$7))),(AND(AND($P19>=AA$7, $P19<=AA$8),$Q19>=AA$8)), AND($P19>=AA$7, $Q19<=AA$8), AND($P19<=AA$7,$Q19>=AA$8)),1,0) -> 0 | AB19: =IF(OR((AND($P19<=AB$7,AND($Q19<=AB$8, $Q19>=AB$7))),(AND(AND($P19>=AB$7, $P19<=AB$8),$Q19>=AB$8)), AND($P19>=AB$7, $Q19<=AB$8), AND($P19<=AB$7,$Q19>=AB$8)),1,0) -> 0 | AC19: =IF(OR((AND($P19<=AC$7,AND($Q19<=AC$8, $Q19>=AC$7))),(AND(AND($P19>=AC$7, $P19<=AC$8),$Q19>=AC$8)), AND($P19>=AC$7, $Q19<=AC$8), AND($P19<=AC$7,$Q19>=AC$8)),1,0) -> 0 | AD19: =IF(OR((AND($P19<=AD$7,AND($Q19<=AD$8, $Q19>=AD$7))),(AND(AND($P19>=AD$7, $P19<=AD$8),$Q19>=AD$8)), AND($P19>=AD$7, $Q19<=AD$8), AND($P19<=AD$7,$Q19>=AD$8)),1,0) -> 0 | AE19: =IF(OR((AND($P19<=AE$7,AND($Q19<=AE$8, $Q19>=AE$7))),(AND(AND($P19>=AE$7, $P19<=AE$8),$Q19>=AE$8)), AND($P19>=AE$7, $Q19<=AE$8), AND($P19<=AE$7,$Q19>=AE$8)),1,0) -> 0 | AF19: =IF(OR((AND($P19<=AF$7,AND($Q19<=AF$8, $Q19>=AF$7))),(AND(AND($P19>=AF$7, $P19<=AF$8),$Q19>=AF$8)), AND($P19>=AF$7, $Q19<=AF$8), AND($P19<=AF$7,$Q19>=AF$8)),1,0) -> 0 | AG19: =IF(OR((AND($P19<=AG$7,AND($Q19<=AG$8, $Q19>=AG$7))),(AND(AND($P19>=AG$7, $P19<=AG$8),$Q19>=AG$8)), AND($P19>=AG$7, $Q19<=AG$8), AND($P19<=AG$7,$Q19>=AG$8)),1,0) -> 0 | AH19: =IF(OR((AND($P19<=AH$7,AND($Q19<=AH$8, $Q19>=AH$7))),(AND(AND($P19>=AH$7, $P19<=AH$8),$Q19>=AH$8)), AND($P19>=AH$7, $Q19<=AH$8), AND($P19<=AH$7,$Q19>=AH$8)),1,0) -> 0 | ... CI19: =IF(OR((AND($P19<=CI$7,AND($Q19<=CI$8, $Q19>=CI$7))),(AND(AND($P19>=CI$7, $P19<=CI$8),$Q19>=CI$8)), AND($P19>=CI$7, $Q19<=CI$8), AND($P19<=CI$7,$Q19>=CI$8)),1,0) -> 0
A20: 1.10 | I20: 10 | J20: =IF(CheckDay>=Q20,1,IF(CheckDay<P20, 0,DAYS360(P20,CheckDay+1)/Y20)) -> 1 | K20: 0 | L20: =I20*J20/100 -> 0.1 | M20: =I20*K20/100 -> 0 | N20: =M20-L20 -> -0.1 | O20: =IF(AND(K20=0%,N20=0),"",IF(N20<0,"지연",IF(K20=100%,"종료","진행"))) -> 지연 | W20: X | X20: =IF(ISBLANK(V20),"",(DAYS360(VLOOKUP(V20,$A$9:$Q$97,15,FALSE),P20)-1)) | Y20: =NETWORKDAYS(P20,Q20,진행현황_전체!C$59:C$77) -> 0 | AA20: =IF(OR((AND($P20<=AA$7,AND($Q20<=AA$8, $Q20>=AA$7))),(AND(AND($P20>=AA$7, $P20<=AA$8),$Q20>=AA$8)), AND($P20>=AA$7, $Q20<=AA$8), AND($P20<=AA$7,$Q20>=AA$8)),1,0) -> 0 | AB20: =IF(OR((AND($P20<=AB$7,AND($Q20<=AB$8, $Q20>=AB$7))),(AND(AND($P20>=AB$7, $P20<=AB$8),$Q20>=AB$8)), AND($P20>=AB$7, $Q20<=AB$8), AND($P20<=AB$7,$Q20>=AB$8)),1,0) -> 0 | AC20: =IF(OR((AND($P20<=AC$7,AND($Q20<=AC$8, $Q20>=AC$7))),(AND(AND($P20>=AC$7, $P20<=AC$8),$Q20>=AC$8)), AND($P20>=AC$7, $Q20<=AC$8), AND($P20<=AC$7,$Q20>=AC$8)),1,0) -> 0 | AD20: =IF(OR((AND($P20<=AD$7,AND($Q20<=AD$8, $Q20>=AD$7))),(AND(AND($P20>=AD$7, $P20<=AD$8),$Q20>=AD$8)), AND($P20>=AD$7, $Q20<=AD$8), AND($P20<=AD$7,$Q20>=AD$8)),1,0) -> 0 | AE20: =IF(OR((AND($P20<=AE$7,AND($Q20<=AE$8, $Q20>=AE$7))),(AND(AND($P20>=AE$7, $P20<=AE$8),$Q20>=AE$8)), AND($P20>=AE$7, $Q20<=AE$8), AND($P20<=AE$7,$Q20>=AE$8)),1,0) -> 0 | AF20: =IF(OR((AND($P20<=AF$7,AND($Q20<=AF$8, $Q20>=AF$7))),(AND(AND($P20>=AF$7, $P20<=AF$8),$Q20>=AF$8)), AND($P20>=AF$7, $Q20<=AF$8), AND($P20<=AF$7,$Q20>=AF$8)),1,0) -> 0 | AG20: =IF(OR((AND($P20<=AG$7,AND($Q20<=AG$8, $Q20>=AG$7))),(AND(AND($P20>=AG$7, $P20<=AG$8),$Q20>=AG$8)), AND($P20>=AG$7, $Q20<=AG$8), AND($P20<=AG$7,$Q20>=AG$8)),1,0) -> 0 | AH20: =IF(OR((AND($P20<=AH$7,AND($Q20<=AH$8, $Q20>=AH$7))),(AND(AND($P20>=AH$7, $P20<=AH$8),$Q20>=AH$8)), AND($P20>=AH$7, $Q20<=AH$8), AND($P20<=AH$7,$Q20>=AH$8)),1,0) -> 0 | ... CI20: =IF(OR((AND($P20<=CI$7,AND($Q20<=CI$8, $Q20>=CI$7))),(AND(AND($P20>=CI$7, $P20<=CI$8),$Q20>=CI$8)), AND($P20>=CI$7, $Q20<=CI$8), AND($P20<=CI$7,$Q20>=CI$8)),1,0) -> 0
A21: 2 | B21: =진행현황_01.범위명!C15 -> 단계2 | H21: =SUM(I22:I31) -> 100 | I21: =진행현황_01.범위명!C16 -> 15 | J21: =SUM(L22:L31) -> 1 | K21: =SUM(M22:M31) -> 0 | L21: =SUM(L22:L31)*I21 -> 15 | M21: =SUM(M22:M31)*I21 -> 0 | N21: =M21-L21 -> -15 | P21: =MIN(P22:P31) -> 0 | Q21: =MAX(Q22:Q31) -> 0 | S21: =MIN(S22:S31) -> 0 | T21: =MAX(T22:T31) -> 0 | X21: =IF(ISBLANK(V21),"",(DAYS360(VLOOKUP(V21,$A$9:$Q$97,15,FALSE),P21)-1)) | Y21: =NETWORKDAYS(P21,Q21,진행현황_전체!C$59:C$77) -> 0
A22: 2.1 | I22: 10 | J22: =IF(CheckDay>=Q22,1,IF(CheckDay<P22, 0,DAYS360(P22,CheckDay+1)/Y22)) -> 1 | K22: 0 | L22: =I22*J22/100 -> 0.1 | M22: =I22*K22/100 -> 0 | N22: =M22-L22 -> -0.1 | O22: =IF(AND(K22=0%,N22=0),"",IF(N22<0,"지연",IF(K22=100%,"종료","진행"))) -> 지연 | X22: =IF(ISBLANK(V22),"",(DAYS360(VLOOKUP(V22,$A$9:$Q$97,15,FALSE),P22)-1)) | Y22: =NETWORKDAYS(P22,Q22,진행현황_전체!C$59:C$77) -> 0 | AA22: =IF(OR((AND($P22<=AA$7,AND($Q22<=AA$8, $Q22>=AA$7))),(AND(AND($P22>=AA$7, $P22<=AA$8),$Q22>=AA$8)), AND($P22>=AA$7, $Q22<=AA$8), AND($P22<=AA$7,$Q22>=AA$8)),1,0) -> 0 | AB22: =IF(OR((AND($P22<=AB$7,AND($Q22<=AB$8, $Q22>=AB$7))),(AND(AND($P22>=AB$7, $P22<=AB$8),$Q22>=AB$8)), AND($P22>=AB$7, $Q22<=AB$8), AND($P22<=AB$7,$Q22>=AB$8)),1,0) -> 0 | AC22: =IF(OR((AND($P22<=AC$7,AND($Q22<=AC$8, $Q22>=AC$7))),(AND(AND($P22>=AC$7, $P22<=AC$8),$Q22>=AC$8)), AND($P22>=AC$7, $Q22<=AC$8), AND($P22<=AC$7,$Q22>=AC$8)),1,0) -> 0 | AD22: =IF(OR((AND($P22<=AD$7,AND($Q22<=AD$8, $Q22>=AD$7))),(AND(AND($P22>=AD$7, $P22<=AD$8),$Q22>=AD$8)), AND($P22>=AD$7, $Q22<=AD$8), AND($P22<=AD$7,$Q22>=AD$8)),1,0) -> 0 | AE22: =IF(OR((AND($P22<=AE$7,AND($Q22<=AE$8, $Q22>=AE$7))),(AND(AND($P22>=AE$7, $P22<=AE$8),$Q22>=AE$8)), AND($P22>=AE$7, $Q22<=AE$8), AND($P22<=AE$7,$Q22>=AE$8)),1,0) -> 0 | AF22: =IF(OR((AND($P22<=AF$7,AND($Q22<=AF$8, $Q22>=AF$7))),(AND(AND($P22>=AF$7, $P22<=AF$8),$Q22>=AF$8)), AND($P22>=AF$7, $Q22<=AF$8), AND($P22<=AF$7,$Q22>=AF$8)),1,0) -> 0 | AG22: =IF(OR((AND($P22<=AG$7,AND($Q22<=AG$8, $Q22>=AG$7))),(AND(AND($P22>=AG$7, $P22<=AG$8),$Q22>=AG$8)), AND($P22>=AG$7, $Q22<=AG$8), AND($P22<=AG$7,$Q22>=AG$8)),1,0) -> 0 | AH22: =IF(OR((AND($P22<=AH$7,AND($Q22<=AH$8, $Q22>=AH$7))),(AND(AND($P22>=AH$7, $P22<=AH$8),$Q22>=AH$8)), AND($P22>=AH$7, $Q22<=AH$8), AND($P22<=AH$7,$Q22>=AH$8)),1,0) -> 0 | ... CI22: =IF(OR((AND($P22<=CI$7,AND($Q22<=CI$8, $Q22>=CI$7))),(AND(AND($P22>=CI$7, $P22<=CI$8),$Q22>=CI$8)), AND($P22>=CI$7, $Q22<=CI$8), AND($P22<=CI$7,$Q22>=CI$8)),1,0) -> 0
A23: 2.2 | I23: 10 | J23: =IF(CheckDay>=Q23,1,IF(CheckDay<P23, 0,DAYS360(P23,CheckDay+1)/Y23)) -> 1 | K23: 0 | L23: =I23*J23/100 -> 0.1 | M23: =I23*K23/100 -> 0 | N23: =M23-L23 -> -0.1 | O23: =IF(AND(K23=0%,N23=0),"",IF(N23<0,"지연",IF(K23=100%,"종료","진행"))) -> 지연 | X23: =IF(ISBLANK(V23),"",(DAYS360(VLOOKUP(V23,$A$9:$Q$97,15,FALSE),P23)-1)) | Y23: =NETWORKDAYS(P23,Q23,진행현황_전체!C$59:C$77) -> 0 | AA23: =IF(OR((AND($P23<=AA$7,AND($Q23<=AA$8, $Q23>=AA$7))),(AND(AND($P23>=AA$7, $P23<=AA$8),$Q23>=AA$8)), AND($P23>=AA$7, $Q23<=AA$8), AND($P23<=AA$7,$Q23>=AA$8)),1,0) -> 0 | AB23: =IF(OR((AND($P23<=AB$7,AND($Q23<=AB$8, $Q23>=AB$7))),(AND(AND($P23>=AB$7, $P23<=AB$8),$Q23>=AB$8)), AND($P23>=AB$7, $Q23<=AB$8), AND($P23<=AB$7,$Q23>=AB$8)),1,0) -> 0 | AC23: =IF(OR((AND($P23<=AC$7,AND($Q23<=AC$8, $Q23>=AC$7))),(AND(AND($P23>=AC$7, $P23<=AC$8),$Q23>=AC$8)), AND($P23>=AC$7, $Q23<=AC$8), AND($P23<=AC$7,$Q23>=AC$8)),1,0) -> 0 | AD23: =IF(OR((AND($P23<=AD$7,AND($Q23<=AD$8, $Q23>=AD$7))),(AND(AND($P23>=AD$7, $P23<=AD$8),$Q23>=AD$8)), AND($P23>=AD$7, $Q23<=AD$8), AND($P23<=AD$7,$Q23>=AD$8)),1,0) -> 0 | AE23: =IF(OR((AND($P23<=AE$7,AND($Q23<=AE$8, $Q23>=AE$7))),(AND(AND($P23>=AE$7, $P23<=AE$8),$Q23>=AE$8)), AND($P23>=AE$7, $Q23<=AE$8), AND($P23<=AE$7,$Q23>=AE$8)),1,0) -> 0 | AF23: =IF(OR((AND($P23<=AF$7,AND($Q23<=AF$8, $Q23>=AF$7))),(AND(AND($P23>=AF$7, $P23<=AF$8),$Q23>=AF$8)), AND($P23>=AF$7, $Q23<=AF$8), AND($P23<=AF$7,$Q23>=AF$8)),1,0) -> 0 | AG23: =IF(OR((AND($P23<=AG$7,AND($Q23<=AG$8, $Q23>=AG$7))),(AND(AND($P23>=AG$7, $P23<=AG$8),$Q23>=AG$8)), AND($P23>=AG$7, $Q23<=AG$8), AND($P23<=AG$7,$Q23>=AG$8)),1,0) -> 0 | AH23: =IF(OR((AND($P23<=AH$7,AND($Q23<=AH$8, $Q23>=AH$7))),(AND(AND($P23>=AH$7, $P23<=AH$8),$Q23>=AH$8)), AND($P23>=AH$7, $Q23<=AH$8), AND($P23<=AH$7,$Q23>=AH$8)),1,0) -> 0 | ... CI23: =IF(OR((AND($P23<=CI$7,AND($Q23<=CI$8, $Q23>=CI$7))),(AND(AND($P23>=CI$7, $P23<=CI$8),$Q23>=CI$8)), AND($P23>=CI$7, $Q23<=CI$8), AND($P23<=CI$7,$Q23>=CI$8)),1,0) -> 0
A24: 2.3 | I24: 10 | J24: =IF(CheckDay>=Q24,1,IF(CheckDay<P24, 0,DAYS360(P24,CheckDay+1)/Y24)) -> 1 | K24: 0 | L24: =I24*J24/100 -> 0.1 | M24: =I24*K24/100 -> 0 | N24: =M24-L24 -> -0.1 | O24: =IF(AND(K24=0%,N24=0),"",IF(N24<0,"지연",IF(K24=100%,"종료","진행"))) -> 지연 | X24: =IF(ISBLANK(V24),"",(DAYS360(VLOOKUP(V24,$A$9:$Q$97,15,FALSE),P24)-1)) | Y24: =NETWORKDAYS(P24,Q24,진행현황_전체!C$59:C$77) -> 0 | AA24: =IF(OR((AND($P24<=AA$7,AND($Q24<=AA$8, $Q24>=AA$7))),(AND(AND($P24>=AA$7, $P24<=AA$8),$Q24>=AA$8)), AND($P24>=AA$7, $Q24<=AA$8), AND($P24<=AA$7,$Q24>=AA$8)),1,0) -> 0 | AB24: =IF(OR((AND($P24<=AB$7,AND($Q24<=AB$8, $Q24>=AB$7))),(AND(AND($P24>=AB$7, $P24<=AB$8),$Q24>=AB$8)), AND($P24>=AB$7, $Q24<=AB$8), AND($P24<=AB$7,$Q24>=AB$8)),1,0) -> 0 | AC24: =IF(OR((AND($P24<=AC$7,AND($Q24<=AC$8, $Q24>=AC$7))),(AND(AND($P24>=AC$7, $P24<=AC$8),$Q24>=AC$8)), AND($P24>=AC$7, $Q24<=AC$8), AND($P24<=AC$7,$Q24>=AC$8)),1,0) -> 0 | AD24: =IF(OR((AND($P24<=AD$7,AND($Q24<=AD$8, $Q24>=AD$7))),(AND(AND($P24>=AD$7, $P24<=AD$8),$Q24>=AD$8)), AND($P24>=AD$7, $Q24<=AD$8), AND($P24<=AD$7,$Q24>=AD$8)),1,0) -> 0 | AE24: =IF(OR((AND($P24<=AE$7,AND($Q24<=AE$8, $Q24>=AE$7))),(AND(AND($P24>=AE$7, $P24<=AE$8),$Q24>=AE$8)), AND($P24>=AE$7, $Q24<=AE$8), AND($P24<=AE$7,$Q24>=AE$8)),1,0) -> 0 | AF24: =IF(OR((AND($P24<=AF$7,AND($Q24<=AF$8, $Q24>=AF$7))),(AND(AND($P24>=AF$7, $P24<=AF$8),$Q24>=AF$8)), AND($P24>=AF$7, $Q24<=AF$8), AND($P24<=AF$7,$Q24>=AF$8)),1,0) -> 0 | AG24: =IF(OR((AND($P24<=AG$7,AND($Q24<=AG$8, $Q24>=AG$7))),(AND(AND($P24>=AG$7, $P24<=AG$8),$Q24>=AG$8)), AND($P24>=AG$7, $Q24<=AG$8), AND($P24<=AG$7,$Q24>=AG$8)),1,0) -> 0 | AH24: =IF(OR((AND($P24<=AH$7,AND($Q24<=AH$8, $Q24>=AH$7))),(AND(AND($P24>=AH$7, $P24<=AH$8),$Q24>=AH$8)), AND($P24>=AH$7, $Q24<=AH$8), AND($P24<=AH$7,$Q24>=AH$8)),1,0) -> 0 | ... CI24: =IF(OR((AND($P24<=CI$7,AND($Q24<=CI$8, $Q24>=CI$7))),(AND(AND($P24>=CI$7, $P24<=CI$8),$Q24>=CI$8)), AND($P24>=CI$7, $Q24<=CI$8), AND($P24<=CI$7,$Q24>=CI$8)),1,0) -> 0
A25: 2.4 | I25: 10 | J25: =IF(CheckDay>=Q25,1,IF(CheckDay<P25, 0,DAYS360(P25,CheckDay+1)/Y25)) -> 1 | K25: 0 | L25: =I25*J25/100 -> 0.1 | M25: =I25*K25/100 -> 0 | N25: =M25-L25 -> -0.1 | O25: =IF(AND(K25=0%,N25=0),"",IF(N25<0,"지연",IF(K25=100%,"종료","진행"))) -> 지연 | X25: =IF(ISBLANK(V25),"",(DAYS360(VLOOKUP(V25,$A$9:$Q$97,15,FALSE),P25)-1)) | Y25: =NETWORKDAYS(P25,Q25,진행현황_전체!C$59:C$77) -> 0 | AA25: =IF(OR((AND($P25<=AA$7,AND($Q25<=AA$8, $Q25>=AA$7))),(AND(AND($P25>=AA$7, $P25<=AA$8),$Q25>=AA$8)), AND($P25>=AA$7, $Q25<=AA$8), AND($P25<=AA$7,$Q25>=AA$8)),1,0) -> 0 | AB25: =IF(OR((AND($P25<=AB$7,AND($Q25<=AB$8, $Q25>=AB$7))),(AND(AND($P25>=AB$7, $P25<=AB$8),$Q25>=AB$8)), AND($P25>=AB$7, $Q25<=AB$8), AND($P25<=AB$7,$Q25>=AB$8)),1,0) -> 0 | AC25: =IF(OR((AND($P25<=AC$7,AND($Q25<=AC$8, $Q25>=AC$7))),(AND(AND($P25>=AC$7, $P25<=AC$8),$Q25>=AC$8)), AND($P25>=AC$7, $Q25<=AC$8), AND($P25<=AC$7,$Q25>=AC$8)),1,0) -> 0 | AD25: =IF(OR((AND($P25<=AD$7,AND($Q25<=AD$8, $Q25>=AD$7))),(AND(AND($P25>=AD$7, $P25<=AD$8),$Q25>=AD$8)), AND($P25>=AD$7, $Q25<=AD$8), AND($P25<=AD$7,$Q25>=AD$8)),1,0) -> 0 | AE25: =IF(OR((AND($P25<=AE$7,AND($Q25<=AE$8, $Q25>=AE$7))),(AND(AND($P25>=AE$7, $P25<=AE$8),$Q25>=AE$8)), AND($P25>=AE$7, $Q25<=AE$8), AND($P25<=AE$7,$Q25>=AE$8)),1,0) -> 0 | AF25: =IF(OR((AND($P25<=AF$7,AND($Q25<=AF$8, $Q25>=AF$7))),(AND(AND($P25>=AF$7, $P25<=AF$8),$Q25>=AF$8)), AND($P25>=AF$7, $Q25<=AF$8), AND($P25<=AF$7,$Q25>=AF$8)),1,0) -> 0 | AG25: =IF(OR((AND($P25<=AG$7,AND($Q25<=AG$8, $Q25>=AG$7))),(AND(AND($P25>=AG$7, $P25<=AG$8),$Q25>=AG$8)), AND($P25>=AG$7, $Q25<=AG$8), AND($P25<=AG$7,$Q25>=AG$8)),1,0) -> 0 | AH25: =IF(OR((AND($P25<=AH$7,AND($Q25<=AH$8, $Q25>=AH$7))),(AND(AND($P25>=AH$7, $P25<=AH$8),$Q25>=AH$8)), AND($P25>=AH$7, $Q25<=AH$8), AND($P25<=AH$7,$Q25>=AH$8)),1,0) -> 0 | ... CI25: =IF(OR((AND($P25<=CI$7,AND($Q25<=CI$8, $Q25>=CI$7))),(AND(AND($P25>=CI$7, $P25<=CI$8),$Q25>=CI$8)), AND($P25>=CI$7, $Q25<=CI$8), AND($P25<=CI$7,$Q25>=CI$8)),1,0) -> 0
A26: 2.5 | I26: 10 | J26: =IF(CheckDay>=Q26,1,IF(CheckDay<P26, 0,DAYS360(P26,CheckDay+1)/Y26)) -> 1 | K26: 0 | L26: =I26*J26/100 -> 0.1 | M26: =I26*K26/100 -> 0 | N26: =M26-L26 -> -0.1 | O26: =IF(AND(K26=0%,N26=0),"",IF(N26<0,"지연",IF(K26=100%,"종료","진행"))) -> 지연 | X26: =IF(ISBLANK(V26),"",(DAYS360(VLOOKUP(V26,$A$9:$Q$97,15,FALSE),P26)-1)) | Y26: =NETWORKDAYS(P26,Q26,진행현황_전체!C$59:C$77) -> 0 | AA26: =IF(OR((AND($P26<=AA$7,AND($Q26<=AA$8, $Q26>=AA$7))),(AND(AND($P26>=AA$7, $P26<=AA$8),$Q26>=AA$8)), AND($P26>=AA$7, $Q26<=AA$8), AND($P26<=AA$7,$Q26>=AA$8)),1,0) -> 0 | AB26: =IF(OR((AND($P26<=AB$7,AND($Q26<=AB$8, $Q26>=AB$7))),(AND(AND($P26>=AB$7, $P26<=AB$8),$Q26>=AB$8)), AND($P26>=AB$7, $Q26<=AB$8), AND($P26<=AB$7,$Q26>=AB$8)),1,0) -> 0 | AC26: =IF(OR((AND($P26<=AC$7,AND($Q26<=AC$8, $Q26>=AC$7))),(AND(AND($P26>=AC$7, $P26<=AC$8),$Q26>=AC$8)), AND($P26>=AC$7, $Q26<=AC$8), AND($P26<=AC$7,$Q26>=AC$8)),1,0) -> 0 | AD26: =IF(OR((AND($P26<=AD$7,AND($Q26<=AD$8, $Q26>=AD$7))),(AND(AND($P26>=AD$7, $P26<=AD$8),$Q26>=AD$8)), AND($P26>=AD$7, $Q26<=AD$8), AND($P26<=AD$7,$Q26>=AD$8)),1,0) -> 0 | AE26: =IF(OR((AND($P26<=AE$7,AND($Q26<=AE$8, $Q26>=AE$7))),(AND(AND($P26>=AE$7, $P26<=AE$8),$Q26>=AE$8)), AND($P26>=AE$7, $Q26<=AE$8), AND($P26<=AE$7,$Q26>=AE$8)),1,0) -> 0 | AF26: =IF(OR((AND($P26<=AF$7,AND($Q26<=AF$8, $Q26>=AF$7))),(AND(AND($P26>=AF$7, $P26<=AF$8),$Q26>=AF$8)), AND($P26>=AF$7, $Q26<=AF$8), AND($P26<=AF$7,$Q26>=AF$8)),1,0) -> 0 | AG26: =IF(OR((AND($P26<=AG$7,AND($Q26<=AG$8, $Q26>=AG$7))),(AND(AND($P26>=AG$7, $P26<=AG$8),$Q26>=AG$8)), AND($P26>=AG$7, $Q26<=AG$8), AND($P26<=AG$7,$Q26>=AG$8)),1,0) -> 0 | AH26: =IF(OR((AND($P26<=AH$7,AND($Q26<=AH$8, $Q26>=AH$7))),(AND(AND($P26>=AH$7, $P26<=AH$8),$Q26>=AH$8)), AND($P26>=AH$7, $Q26<=AH$8), AND($P26<=AH$7,$Q26>=AH$8)),1,0) -> 0 | ... CI26: =IF(OR((AND($P26<=CI$7,AND($Q26<=CI$8, $Q26>=CI$7))),(AND(AND($P26>=CI$7, $P26<=CI$8),$Q26>=CI$8)), AND($P26>=CI$7, $Q26<=CI$8), AND($P26<=CI$7,$Q26>=CI$8)),1,0) -> 0
A27: 2.6 | I27: 10 | J27: =IF(CheckDay>=Q27,1,IF(CheckDay<P27, 0,DAYS360(P27,CheckDay+1)/Y27)) -> 1 | K27: 0 | L27: =I27*J27/100 -> 0.1 | M27: =I27*K27/100 -> 0 | N27: =M27-L27 -> -0.1 | O27: =IF(AND(K27=0%,N27=0),"",IF(N27<0,"지연",IF(K27=100%,"종료","진행"))) -> 지연 | X27: =IF(ISBLANK(V27),"",(DAYS360(VLOOKUP(V27,$A$9:$Q$97,15,FALSE),P27)-1)) | Y27: =NETWORKDAYS(P27,Q27,진행현황_전체!C$59:C$77) -> 0 | AA27: =IF(OR((AND($P27<=AA$7,AND($Q27<=AA$8, $Q27>=AA$7))),(AND(AND($P27>=AA$7, $P27<=AA$8),$Q27>=AA$8)), AND($P27>=AA$7, $Q27<=AA$8), AND($P27<=AA$7,$Q27>=AA$8)),1,0) -> 0 | AB27: =IF(OR((AND($P27<=AB$7,AND($Q27<=AB$8, $Q27>=AB$7))),(AND(AND($P27>=AB$7, $P27<=AB$8),$Q27>=AB$8)), AND($P27>=AB$7, $Q27<=AB$8), AND($P27<=AB$7,$Q27>=AB$8)),1,0) -> 0 | AC27: =IF(OR((AND($P27<=AC$7,AND($Q27<=AC$8, $Q27>=AC$7))),(AND(AND($P27>=AC$7, $P27<=AC$8),$Q27>=AC$8)), AND($P27>=AC$7, $Q27<=AC$8), AND($P27<=AC$7,$Q27>=AC$8)),1,0) -> 0 | AD27: =IF(OR((AND($P27<=AD$7,AND($Q27<=AD$8, $Q27>=AD$7))),(AND(AND($P27>=AD$7, $P27<=AD$8),$Q27>=AD$8)), AND($P27>=AD$7, $Q27<=AD$8), AND($P27<=AD$7,$Q27>=AD$8)),1,0) -> 0 | AE27: =IF(OR((AND($P27<=AE$7,AND($Q27<=AE$8, $Q27>=AE$7))),(AND(AND($P27>=AE$7, $P27<=AE$8),$Q27>=AE$8)), AND($P27>=AE$7, $Q27<=AE$8), AND($P27<=AE$7,$Q27>=AE$8)),1,0) -> 0 | AF27: =IF(OR((AND($P27<=AF$7,AND($Q27<=AF$8, $Q27>=AF$7))),(AND(AND($P27>=AF$7, $P27<=AF$8),$Q27>=AF$8)), AND($P27>=AF$7, $Q27<=AF$8), AND($P27<=AF$7,$Q27>=AF$8)),1,0) -> 0 | AG27: =IF(OR((AND($P27<=AG$7,AND($Q27<=AG$8, $Q27>=AG$7))),(AND(AND($P27>=AG$7, $P27<=AG$8),$Q27>=AG$8)), AND($P27>=AG$7, $Q27<=AG$8), AND($P27<=AG$7,$Q27>=AG$8)),1,0) -> 0 | AH27: =IF(OR((AND($P27<=AH$7,AND($Q27<=AH$8, $Q27>=AH$7))),(AND(AND($P27>=AH$7, $P27<=AH$8),$Q27>=AH$8)), AND($P27>=AH$7, $Q27<=AH$8), AND($P27<=AH$7,$Q27>=AH$8)),1,0) -> 0 | ... CI27: =IF(OR((AND($P27<=CI$7,AND($Q27<=CI$8, $Q27>=CI$7))),(AND(AND($P27>=CI$7, $P27<=CI$8),$Q27>=CI$8)), AND($P27>=CI$7, $Q27<=CI$8), AND($P27<=CI$7,$Q27>=CI$8)),1,0) -> 0
A28: 2.7 | I28: 10 | J28: =IF(CheckDay>=Q28,1,IF(CheckDay<P28, 0,DAYS360(P28,CheckDay+1)/Y28)) -> 1 | K28: 0 | L28: =I28*J28/100 -> 0.1 | M28: =I28*K28/100 -> 0 | N28: =M28-L28 -> -0.1 | O28: =IF(AND(K28=0%,N28=0),"",IF(N28<0,"지연",IF(K28=100%,"종료","진행"))) -> 지연 | X28: =IF(ISBLANK(V28),"",(DAYS360(VLOOKUP(V28,$A$9:$Q$97,15,FALSE),P28)-1)) | Y28: =NETWORKDAYS(P28,Q28,진행현황_전체!C$59:C$77) -> 0 | AA28: =IF(OR((AND($P28<=AA$7,AND($Q28<=AA$8, $Q28>=AA$7))),(AND(AND($P28>=AA$7, $P28<=AA$8),$Q28>=AA$8)), AND($P28>=AA$7, $Q28<=AA$8), AND($P28<=AA$7,$Q28>=AA$8)),1,0) -> 0 | AB28: =IF(OR((AND($P28<=AB$7,AND($Q28<=AB$8, $Q28>=AB$7))),(AND(AND($P28>=AB$7, $P28<=AB$8),$Q28>=AB$8)), AND($P28>=AB$7, $Q28<=AB$8), AND($P28<=AB$7,$Q28>=AB$8)),1,0) -> 0 | AC28: =IF(OR((AND($P28<=AC$7,AND($Q28<=AC$8, $Q28>=AC$7))),(AND(AND($P28>=AC$7, $P28<=AC$8),$Q28>=AC$8)), AND($P28>=AC$7, $Q28<=AC$8), AND($P28<=AC$7,$Q28>=AC$8)),1,0) -> 0 | AD28: =IF(OR((AND($P28<=AD$7,AND($Q28<=AD$8, $Q28>=AD$7))),(AND(AND($P28>=AD$7, $P28<=AD$8),$Q28>=AD$8)), AND($P28>=AD$7, $Q28<=AD$8), AND($P28<=AD$7,$Q28>=AD$8)),1,0) -> 0 | AE28: =IF(OR((AND($P28<=AE$7,AND($Q28<=AE$8, $Q28>=AE$7))),(AND(AND($P28>=AE$7, $P28<=AE$8),$Q28>=AE$8)), AND($P28>=AE$7, $Q28<=AE$8), AND($P28<=AE$7,$Q28>=AE$8)),1,0) -> 0 | AF28: =IF(OR((AND($P28<=AF$7,AND($Q28<=AF$8, $Q28>=AF$7))),(AND(AND($P28>=AF$7, $P28<=AF$8),$Q28>=AF$8)), AND($P28>=AF$7, $Q28<=AF$8), AND($P28<=AF$7,$Q28>=AF$8)),1,0) -> 0 | AG28: =IF(OR((AND($P28<=AG$7,AND($Q28<=AG$8, $Q28>=AG$7))),(AND(AND($P28>=AG$7, $P28<=AG$8),$Q28>=AG$8)), AND($P28>=AG$7, $Q28<=AG$8), AND($P28<=AG$7,$Q28>=AG$8)),1,0) -> 0 | AH28: =IF(OR((AND($P28<=AH$7,AND($Q28<=AH$8, $Q28>=AH$7))),(AND(AND($P28>=AH$7, $P28<=AH$8),$Q28>=AH$8)), AND($P28>=AH$7, $Q28<=AH$8), AND($P28<=AH$7,$Q28>=AH$8)),1,0) -> 0 | ... CI28: =IF(OR((AND($P28<=CI$7,AND($Q28<=CI$8, $Q28>=CI$7))),(AND(AND($P28>=CI$7, $P28<=CI$8),$Q28>=CI$8)), AND($P28>=CI$7, $Q28<=CI$8), AND($P28<=CI$7,$Q28>=CI$8)),1,0) -> 0
A29: 2.8 | I29: 10 | J29: =IF(CheckDay>=Q29,1,IF(CheckDay<P29, 0,DAYS360(P29,CheckDay+1)/Y29)) -> 1 | K29: 0 | L29: =I29*J29/100 -> 0.1 | M29: =I29*K29/100 -> 0 | N29: =M29-L29 -> -0.1 | O29: =IF(AND(K29=0%,N29=0),"",IF(N29<0,"지연",IF(K29=100%,"종료","진행"))) -> 지연 | X29: =IF(ISBLANK(V29),"",(DAYS360(VLOOKUP(V29,$A$9:$Q$97,15,FALSE),P29)-1)) | Y29: =NETWORKDAYS(P29,Q29,진행현황_전체!C$59:C$77) -> 0 | AA29: =IF(OR((AND($P29<=AA$7,AND($Q29<=AA$8, $Q29>=AA$7))),(AND(AND($P29>=AA$7, $P29<=AA$8),$Q29>=AA$8)), AND($P29>=AA$7, $Q29<=AA$8), AND($P29<=AA$7,$Q29>=AA$8)),1,0) -> 0 | AB29: =IF(OR((AND($P29<=AB$7,AND($Q29<=AB$8, $Q29>=AB$7))),(AND(AND($P29>=AB$7, $P29<=AB$8),$Q29>=AB$8)), AND($P29>=AB$7, $Q29<=AB$8), AND($P29<=AB$7,$Q29>=AB$8)),1,0) -> 0 | AC29: =IF(OR((AND($P29<=AC$7,AND($Q29<=AC$8, $Q29>=AC$7))),(AND(AND($P29>=AC$7, $P29<=AC$8),$Q29>=AC$8)), AND($P29>=AC$7, $Q29<=AC$8), AND($P29<=AC$7,$Q29>=AC$8)),1,0) -> 0 | AD29: =IF(OR((AND($P29<=AD$7,AND($Q29<=AD$8, $Q29>=AD$7))),(AND(AND($P29>=AD$7, $P29<=AD$8),$Q29>=AD$8)), AND($P29>=AD$7, $Q29<=AD$8), AND($P29<=AD$7,$Q29>=AD$8)),1,0) -> 0 | AE29: =IF(OR((AND($P29<=AE$7,AND($Q29<=AE$8, $Q29>=AE$7))),(AND(AND($P29>=AE$7, $P29<=AE$8),$Q29>=AE$8)), AND($P29>=AE$7, $Q29<=AE$8), AND($P29<=AE$7,$Q29>=AE$8)),1,0) -> 0 | AF29: =IF(OR((AND($P29<=AF$7,AND($Q29<=AF$8, $Q29>=AF$7))),(AND(AND($P29>=AF$7, $P29<=AF$8),$Q29>=AF$8)), AND($P29>=AF$7, $Q29<=AF$8), AND($P29<=AF$7,$Q29>=AF$8)),1,0) -> 0 | AG29: =IF(OR((AND($P29<=AG$7,AND($Q29<=AG$8, $Q29>=AG$7))),(AND(AND($P29>=AG$7, $P29<=AG$8),$Q29>=AG$8)), AND($P29>=AG$7, $Q29<=AG$8), AND($P29<=AG$7,$Q29>=AG$8)),1,0) -> 0 | AH29: =IF(OR((AND($P29<=AH$7,AND($Q29<=AH$8, $Q29>=AH$7))),(AND(AND($P29>=AH$7, $P29<=AH$8),$Q29>=AH$8)), AND($P29>=AH$7, $Q29<=AH$8), AND($P29<=AH$7,$Q29>=AH$8)),1,0) -> 0 | ... CI29: =IF(OR((AND($P29<=CI$7,AND($Q29<=CI$8, $Q29>=CI$7))),(AND(AND($P29>=CI$7, $P29<=CI$8),$Q29>=CI$8)), AND($P29>=CI$7, $Q29<=CI$8), AND($P29<=CI$7,$Q29>=CI$8)),1,0) -> 0
A30: 2.9 | I30: 10 | J30: =IF(CheckDay>=Q30,1,IF(CheckDay<P30, 0,DAYS360(P30,CheckDay+1)/Y30)) -> 1 | K30: 0 | L30: =I30*J30/100 -> 0.1 | M30: =I30*K30/100 -> 0 | N30: =M30-L30 -> -0.1 | O30: =IF(AND(K30=0%,N30=0),"",IF(N30<0,"지연",IF(K30=100%,"종료","진행"))) -> 지연 | X30: =IF(ISBLANK(V30),"",(DAYS360(VLOOKUP(V30,$A$9:$Q$97,15,FALSE),P30)-1)) | Y30: =NETWORKDAYS(P30,Q30,진행현황_전체!C$59:C$77) -> 0 | AA30: =IF(OR((AND($P30<=AA$7,AND($Q30<=AA$8, $Q30>=AA$7))),(AND(AND($P30>=AA$7, $P30<=AA$8),$Q30>=AA$8)), AND($P30>=AA$7, $Q30<=AA$8), AND($P30<=AA$7,$Q30>=AA$8)),1,0) -> 0 | AB30: =IF(OR((AND($P30<=AB$7,AND($Q30<=AB$8, $Q30>=AB$7))),(AND(AND($P30>=AB$7, $P30<=AB$8),$Q30>=AB$8)), AND($P30>=AB$7, $Q30<=AB$8), AND($P30<=AB$7,$Q30>=AB$8)),1,0) -> 0 | AC30: =IF(OR((AND($P30<=AC$7,AND($Q30<=AC$8, $Q30>=AC$7))),(AND(AND($P30>=AC$7, $P30<=AC$8),$Q30>=AC$8)), AND($P30>=AC$7, $Q30<=AC$8), AND($P30<=AC$7,$Q30>=AC$8)),1,0) -> 0 | AD30: =IF(OR((AND($P30<=AD$7,AND($Q30<=AD$8, $Q30>=AD$7))),(AND(AND($P30>=AD$7, $P30<=AD$8),$Q30>=AD$8)), AND($P30>=AD$7, $Q30<=AD$8), AND($P30<=AD$7,$Q30>=AD$8)),1,0) -> 0 | AE30: =IF(OR((AND($P30<=AE$7,AND($Q30<=AE$8, $Q30>=AE$7))),(AND(AND($P30>=AE$7, $P30<=AE$8),$Q30>=AE$8)), AND($P30>=AE$7, $Q30<=AE$8), AND($P30<=AE$7,$Q30>=AE$8)),1,0) -> 0 | AF30: =IF(OR((AND($P30<=AF$7,AND($Q30<=AF$8, $Q30>=AF$7))),(AND(AND($P30>=AF$7, $P30<=AF$8),$Q30>=AF$8)), AND($P30>=AF$7, $Q30<=AF$8), AND($P30<=AF$7,$Q30>=AF$8)),1,0) -> 0 | AG30: =IF(OR((AND($P30<=AG$7,AND($Q30<=AG$8, $Q30>=AG$7))),(AND(AND($P30>=AG$7, $P30<=AG$8),$Q30>=AG$8)), AND($P30>=AG$7, $Q30<=AG$8), AND($P30<=AG$7,$Q30>=AG$8)),1,0) -> 0 | AH30: =IF(OR((AND($P30<=AH$7,AND($Q30<=AH$8, $Q30>=AH$7))),(AND(AND($P30>=AH$7, $P30<=AH$8),$Q30>=AH$8)), AND($P30>=AH$7, $Q30<=AH$8), AND($P30<=AH$7,$Q30>=AH$8)),1,0) -> 0 | ... CI30: =IF(OR((AND($P30<=CI$7,AND($Q30<=CI$8, $Q30>=CI$7))),(AND(AND($P30>=CI$7, $P30<=CI$8),$Q30>=CI$8)), AND($P30>=CI$7, $Q30<=CI$8), AND($P30<=CI$7,$Q30>=CI$8)),1,0) -> 0
A31: 2.10 | I31: 10 | J31: =IF(CheckDay>=Q31,1,IF(CheckDay<P31, 0,DAYS360(P31,CheckDay+1)/Y31)) -> 1 | K31: 0 | L31: =I31*J31/100 -> 0.1 | M31: =I31*K31/100 -> 0 | N31: =M31-L31 -> -0.1 | O31: =IF(AND(K31=0%,N31=0),"",IF(N31<0,"지연",IF(K31=100%,"종료","진행"))) -> 지연 | X31: =IF(ISBLANK(V31),"",(DAYS360(VLOOKUP(V31,$A$9:$Q$97,15,FALSE),P31)-1)) | Y31: =NETWORKDAYS(P31,Q31,진행현황_전체!C$59:C$77) -> 0 | AA31: =IF(OR((AND($P31<=AA$7,AND($Q31<=AA$8, $Q31>=AA$7))),(AND(AND($P31>=AA$7, $P31<=AA$8),$Q31>=AA$8)), AND($P31>=AA$7, $Q31<=AA$8), AND($P31<=AA$7,$Q31>=AA$8)),1,0) -> 0 | AB31: =IF(OR((AND($P31<=AB$7,AND($Q31<=AB$8, $Q31>=AB$7))),(AND(AND($P31>=AB$7, $P31<=AB$8),$Q31>=AB$8)), AND($P31>=AB$7, $Q31<=AB$8), AND($P31<=AB$7,$Q31>=AB$8)),1,0) -> 0 | AC31: =IF(OR((AND($P31<=AC$7,AND($Q31<=AC$8, $Q31>=AC$7))),(AND(AND($P31>=AC$7, $P31<=AC$8),$Q31>=AC$8)), AND($P31>=AC$7, $Q31<=AC$8), AND($P31<=AC$7,$Q31>=AC$8)),1,0) -> 0 | AD31: =IF(OR((AND($P31<=AD$7,AND($Q31<=AD$8, $Q31>=AD$7))),(AND(AND($P31>=AD$7, $P31<=AD$8),$Q31>=AD$8)), AND($P31>=AD$7, $Q31<=AD$8), AND($P31<=AD$7,$Q31>=AD$8)),1,0) -> 0 | AE31: =IF(OR((AND($P31<=AE$7,AND($Q31<=AE$8, $Q31>=AE$7))),(AND(AND($P31>=AE$7, $P31<=AE$8),$Q31>=AE$8)), AND($P31>=AE$7, $Q31<=AE$8), AND($P31<=AE$7,$Q31>=AE$8)),1,0) -> 0 | AF31: =IF(OR((AND($P31<=AF$7,AND($Q31<=AF$8, $Q31>=AF$7))),(AND(AND($P31>=AF$7, $P31<=AF$8),$Q31>=AF$8)), AND($P31>=AF$7, $Q31<=AF$8), AND($P31<=AF$7,$Q31>=AF$8)),1,0) -> 0 | AG31: =IF(OR((AND($P31<=AG$7,AND($Q31<=AG$8, $Q31>=AG$7))),(AND(AND($P31>=AG$7, $P31<=AG$8),$Q31>=AG$8)), AND($P31>=AG$7, $Q31<=AG$8), AND($P31<=AG$7,$Q31>=AG$8)),1,0) -> 0 | AH31: =IF(OR((AND($P31<=AH$7,AND($Q31<=AH$8, $Q31>=AH$7))),(AND(AND($P31>=AH$7, $P31<=AH$8),$Q31>=AH$8)), AND($P31>=AH$7, $Q31<=AH$8), AND($P31<=AH$7,$Q31>=AH$8)),1,0) -> 0 | ... CI31: =IF(OR((AND($P31<=CI$7,AND($Q31<=CI$8, $Q31>=CI$7))),(AND(AND($P31>=CI$7, $P31<=CI$8),$Q31>=CI$8)), AND($P31>=CI$7, $Q31<=CI$8), AND($P31<=CI$7,$Q31>=CI$8)),1,0) -> 0
A32: 3 | B32: =진행현황_01.범위명!D15 -> 단계3 | H32: =SUM(I33:I42) -> 100 | I32: =진행현황_01.범위명!D16 -> 15 | J32: =SUM(L33:L42) -> 1 | K32: =SUM(M33:M42) -> 0 | L32: =SUM(L33:L42)*I32 -> 15 | M32: =SUM(M33:M42)*I32 -> 0 | N32: =M32-L32 -> -15 | P32: =MIN(P33:P42) -> 0 | Q32: =MAX(Q33:Q42) -> 0 | S32: =MIN(S33:S42) -> 0 | T32: =MAX(T33:T42) -> 0 | X32: =IF(ISBLANK(V32),"",(DAYS360(VLOOKUP(V32,$A$9:$Q$97,15,FALSE),P32)-1)) | Y32: =NETWORKDAYS(P32,Q32,진행현황_전체!C$59:C$77) -> 0
A33: 3.1 | I33: 10 | J33: =IF(CheckDay>=Q33,1,IF(CheckDay<P33, 0,DAYS360(P33,CheckDay+1)/Y33)) -> 1 | K33: 0 | L33: =I33*J33/100 -> 0.1 | M33: =I33*K33/100 -> 0 | N33: =M33-L33 -> -0.1 | O33: =IF(AND(K33=0%,N33=0),"",IF(N33<0,"지연",IF(K33=100%,"종료","진행"))) -> 지연 | X33: =IF(ISBLANK(V33),"",(DAYS360(VLOOKUP(V33,$A$9:$Q$97,15,FALSE),P33)-1)) | Y33: =NETWORKDAYS(P33,Q33,진행현황_전체!C$59:C$77) -> 0 | AA33: =IF(OR((AND($P33<=AA$7,AND($Q33<=AA$8, $Q33>=AA$7))),(AND(AND($P33>=AA$7, $P33<=AA$8),$Q33>=AA$8)), AND($P33>=AA$7, $Q33<=AA$8), AND($P33<=AA$7,$Q33>=AA$8)),1,0) -> 0 | AB33: =IF(OR((AND($P33<=AB$7,AND($Q33<=AB$8, $Q33>=AB$7))),(AND(AND($P33>=AB$7, $P33<=AB$8),$Q33>=AB$8)), AND($P33>=AB$7, $Q33<=AB$8), AND($P33<=AB$7,$Q33>=AB$8)),1,0) -> 0 | AC33: =IF(OR((AND($P33<=AC$7,AND($Q33<=AC$8, $Q33>=AC$7))),(AND(AND($P33>=AC$7, $P33<=AC$8),$Q33>=AC$8)), AND($P33>=AC$7, $Q33<=AC$8), AND($P33<=AC$7,$Q33>=AC$8)),1,0) -> 0 | AD33: =IF(OR((AND($P33<=AD$7,AND($Q33<=AD$8, $Q33>=AD$7))),(AND(AND($P33>=AD$7, $P33<=AD$8),$Q33>=AD$8)), AND($P33>=AD$7, $Q33<=AD$8), AND($P33<=AD$7,$Q33>=AD$8)),1,0) -> 0 | AE33: =IF(OR((AND($P33<=AE$7,AND($Q33<=AE$8, $Q33>=AE$7))),(AND(AND($P33>=AE$7, $P33<=AE$8),$Q33>=AE$8)), AND($P33>=AE$7, $Q33<=AE$8), AND($P33<=AE$7,$Q33>=AE$8)),1,0) -> 0 | AF33: =IF(OR((AND($P33<=AF$7,AND($Q33<=AF$8, $Q33>=AF$7))),(AND(AND($P33>=AF$7, $P33<=AF$8),$Q33>=AF$8)), AND($P33>=AF$7, $Q33<=AF$8), AND($P33<=AF$7,$Q33>=AF$8)),1,0) -> 0 | AG33: =IF(OR((AND($P33<=AG$7,AND($Q33<=AG$8, $Q33>=AG$7))),(AND(AND($P33>=AG$7, $P33<=AG$8),$Q33>=AG$8)), AND($P33>=AG$7, $Q33<=AG$8), AND($P33<=AG$7,$Q33>=AG$8)),1,0) -> 0 | AH33: =IF(OR((AND($P33<=AH$7,AND($Q33<=AH$8, $Q33>=AH$7))),(AND(AND($P33>=AH$7, $P33<=AH$8),$Q33>=AH$8)), AND($P33>=AH$7, $Q33<=AH$8), AND($P33<=AH$7,$Q33>=AH$8)),1,0) -> 0 | ... CI33: =IF(OR((AND($P33<=CI$7,AND($Q33<=CI$8, $Q33>=CI$7))),(AND(AND($P33>=CI$7, $P33<=CI$8),$Q33>=CI$8)), AND($P33>=CI$7, $Q33<=CI$8), AND($P33<=CI$7,$Q33>=CI$8)),1,0) -> 0
A34: 3.2 | I34: 10 | J34: =IF(CheckDay>=Q34,1,IF(CheckDay<P34, 0,DAYS360(P34,CheckDay+1)/Y34)) -> 1 | K34: 0 | L34: =I34*J34/100 -> 0.1 | M34: =I34*K34/100 -> 0 | N34: =M34-L34 -> -0.1 | O34: =IF(AND(K34=0%,N34=0),"",IF(N34<0,"지연",IF(K34=100%,"종료","진행"))) -> 지연 | X34: =IF(ISBLANK(V34),"",(DAYS360(VLOOKUP(V34,$A$9:$Q$97,15,FALSE),P34)-1)) | Y34: =NETWORKDAYS(P34,Q34,진행현황_전체!C$59:C$77) -> 0 | AA34: =IF(OR((AND($P34<=AA$7,AND($Q34<=AA$8, $Q34>=AA$7))),(AND(AND($P34>=AA$7, $P34<=AA$8),$Q34>=AA$8)), AND($P34>=AA$7, $Q34<=AA$8), AND($P34<=AA$7,$Q34>=AA$8)),1,0) -> 0 | AB34: =IF(OR((AND($P34<=AB$7,AND($Q34<=AB$8, $Q34>=AB$7))),(AND(AND($P34>=AB$7, $P34<=AB$8),$Q34>=AB$8)), AND($P34>=AB$7, $Q34<=AB$8), AND($P34<=AB$7,$Q34>=AB$8)),1,0) -> 0 | AC34: =IF(OR((AND($P34<=AC$7,AND($Q34<=AC$8, $Q34>=AC$7))),(AND(AND($P34>=AC$7, $P34<=AC$8),$Q34>=AC$8)), AND($P34>=AC$7, $Q34<=AC$8), AND($P34<=AC$7,$Q34>=AC$8)),1,0) -> 0 | AD34: =IF(OR((AND($P34<=AD$7,AND($Q34<=AD$8, $Q34>=AD$7))),(AND(AND($P34>=AD$7, $P34<=AD$8),$Q34>=AD$8)), AND($P34>=AD$7, $Q34<=AD$8), AND($P34<=AD$7,$Q34>=AD$8)),1,0) -> 0 | AE34: =IF(OR((AND($P34<=AE$7,AND($Q34<=AE$8, $Q34>=AE$7))),(AND(AND($P34>=AE$7, $P34<=AE$8),$Q34>=AE$8)), AND($P34>=AE$7, $Q34<=AE$8), AND($P34<=AE$7,$Q34>=AE$8)),1,0) -> 0 | AF34: =IF(OR((AND($P34<=AF$7,AND($Q34<=AF$8, $Q34>=AF$7))),(AND(AND($P34>=AF$7, $P34<=AF$8),$Q34>=AF$8)), AND($P34>=AF$7, $Q34<=AF$8), AND($P34<=AF$7,$Q34>=AF$8)),1,0) -> 0 | AG34: =IF(OR((AND($P34<=AG$7,AND($Q34<=AG$8, $Q34>=AG$7))),(AND(AND($P34>=AG$7, $P34<=AG$8),$Q34>=AG$8)), AND($P34>=AG$7, $Q34<=AG$8), AND($P34<=AG$7,$Q34>=AG$8)),1,0) -> 0 | AH34: =IF(OR((AND($P34<=AH$7,AND($Q34<=AH$8, $Q34>=AH$7))),(AND(AND($P34>=AH$7, $P34<=AH$8),$Q34>=AH$8)), AND($P34>=AH$7, $Q34<=AH$8), AND($P34<=AH$7,$Q34>=AH$8)),1,0) -> 0 | ... CI34: =IF(OR((AND($P34<=CI$7,AND($Q34<=CI$8, $Q34>=CI$7))),(AND(AND($P34>=CI$7, $P34<=CI$8),$Q34>=CI$8)), AND($P34>=CI$7, $Q34<=CI$8), AND($P34<=CI$7,$Q34>=CI$8)),1,0) -> 0
A35: 3.3 | I35: 10 | J35: =IF(CheckDay>=Q35,1,IF(CheckDay<P35, 0,DAYS360(P35,CheckDay+1)/Y35)) -> 1 | K35: 0 | L35: =I35*J35/100 -> 0.1 | M35: =I35*K35/100 -> 0 | N35: =M35-L35 -> -0.1 | O35: =IF(AND(K35=0%,N35=0),"",IF(N35<0,"지연",IF(K35=100%,"종료","진행"))) -> 지연 | X35: =IF(ISBLANK(V35),"",(DAYS360(VLOOKUP(V35,$A$9:$Q$97,15,FALSE),P35)-1)) | Y35: =NETWORKDAYS(P35,Q35,진행현황_전체!C$59:C$77) -> 0 | AA35: =IF(OR((AND($P35<=AA$7,AND($Q35<=AA$8, $Q35>=AA$7))),(AND(AND($P35>=AA$7, $P35<=AA$8),$Q35>=AA$8)), AND($P35>=AA$7, $Q35<=AA$8), AND($P35<=AA$7,$Q35>=AA$8)),1,0) -> 0 | AB35: =IF(OR((AND($P35<=AB$7,AND($Q35<=AB$8, $Q35>=AB$7))),(AND(AND($P35>=AB$7, $P35<=AB$8),$Q35>=AB$8)), AND($P35>=AB$7, $Q35<=AB$8), AND($P35<=AB$7,$Q35>=AB$8)),1,0) -> 0 | AC35: =IF(OR((AND($P35<=AC$7,AND($Q35<=AC$8, $Q35>=AC$7))),(AND(AND($P35>=AC$7, $P35<=AC$8),$Q35>=AC$8)), AND($P35>=AC$7, $Q35<=AC$8), AND($P35<=AC$7,$Q35>=AC$8)),1,0) -> 0 | AD35: =IF(OR((AND($P35<=AD$7,AND($Q35<=AD$8, $Q35>=AD$7))),(AND(AND($P35>=AD$7, $P35<=AD$8),$Q35>=AD$8)), AND($P35>=AD$7, $Q35<=AD$8), AND($P35<=AD$7,$Q35>=AD$8)),1,0) -> 0 | AE35: =IF(OR((AND($P35<=AE$7,AND($Q35<=AE$8, $Q35>=AE$7))),(AND(AND($P35>=AE$7, $P35<=AE$8),$Q35>=AE$8)), AND($P35>=AE$7, $Q35<=AE$8), AND($P35<=AE$7,$Q35>=AE$8)),1,0) -> 0 | AF35: =IF(OR((AND($P35<=AF$7,AND($Q35<=AF$8, $Q35>=AF$7))),(AND(AND($P35>=AF$7, $P35<=AF$8),$Q35>=AF$8)), AND($P35>=AF$7, $Q35<=AF$8), AND($P35<=AF$7,$Q35>=AF$8)),1,0) -> 0 | AG35: =IF(OR((AND($P35<=AG$7,AND($Q35<=AG$8, $Q35>=AG$7))),(AND(AND($P35>=AG$7, $P35<=AG$8),$Q35>=AG$8)), AND($P35>=AG$7, $Q35<=AG$8), AND($P35<=AG$7,$Q35>=AG$8)),1,0) -> 0 | AH35: =IF(OR((AND($P35<=AH$7,AND($Q35<=AH$8, $Q35>=AH$7))),(AND(AND($P35>=AH$7, $P35<=AH$8),$Q35>=AH$8)), AND($P35>=AH$7, $Q35<=AH$8), AND($P35<=AH$7,$Q35>=AH$8)),1,0) -> 0 | ... CI35: =IF(OR((AND($P35<=CI$7,AND($Q35<=CI$8, $Q35>=CI$7))),(AND(AND($P35>=CI$7, $P35<=CI$8),$Q35>=CI$8)), AND($P35>=CI$7, $Q35<=CI$8), AND($P35<=CI$7,$Q35>=CI$8)),1,0) -> 0
A36: 3.4 | I36: 10 | J36: =IF(CheckDay>=Q36,1,IF(CheckDay<P36, 0,DAYS360(P36,CheckDay+1)/Y36)) -> 1 | K36: 0 | L36: =I36*J36/100 -> 0.1 | M36: =I36*K36/100 -> 0 | N36: =M36-L36 -> -0.1 | O36: =IF(AND(K36=0%,N36=0),"",IF(N36<0,"지연",IF(K36=100%,"종료","진행"))) -> 지연 | X36: =IF(ISBLANK(V36),"",(DAYS360(VLOOKUP(V36,$A$9:$Q$97,15,FALSE),P36)-1)) | Y36: =NETWORKDAYS(P36,Q36,진행현황_전체!C$59:C$77) -> 0 | AA36: =IF(OR((AND($P36<=AA$7,AND($Q36<=AA$8, $Q36>=AA$7))),(AND(AND($P36>=AA$7, $P36<=AA$8),$Q36>=AA$8)), AND($P36>=AA$7, $Q36<=AA$8), AND($P36<=AA$7,$Q36>=AA$8)),1,0) -> 0 | AB36: =IF(OR((AND($P36<=AB$7,AND($Q36<=AB$8, $Q36>=AB$7))),(AND(AND($P36>=AB$7, $P36<=AB$8),$Q36>=AB$8)), AND($P36>=AB$7, $Q36<=AB$8), AND($P36<=AB$7,$Q36>=AB$8)),1,0) -> 0 | AC36: =IF(OR((AND($P36<=AC$7,AND($Q36<=AC$8, $Q36>=AC$7))),(AND(AND($P36>=AC$7, $P36<=AC$8),$Q36>=AC$8)), AND($P36>=AC$7, $Q36<=AC$8), AND($P36<=AC$7,$Q36>=AC$8)),1,0) -> 0 | AD36: =IF(OR((AND($P36<=AD$7,AND($Q36<=AD$8, $Q36>=AD$7))),(AND(AND($P36>=AD$7, $P36<=AD$8),$Q36>=AD$8)), AND($P36>=AD$7, $Q36<=AD$8), AND($P36<=AD$7,$Q36>=AD$8)),1,0) -> 0 | AE36: =IF(OR((AND($P36<=AE$7,AND($Q36<=AE$8, $Q36>=AE$7))),(AND(AND($P36>=AE$7, $P36<=AE$8),$Q36>=AE$8)), AND($P36>=AE$7, $Q36<=AE$8), AND($P36<=AE$7,$Q36>=AE$8)),1,0) -> 0 | AF36: =IF(OR((AND($P36<=AF$7,AND($Q36<=AF$8, $Q36>=AF$7))),(AND(AND($P36>=AF$7, $P36<=AF$8),$Q36>=AF$8)), AND($P36>=AF$7, $Q36<=AF$8), AND($P36<=AF$7,$Q36>=AF$8)),1,0) -> 0 | AG36: =IF(OR((AND($P36<=AG$7,AND($Q36<=AG$8, $Q36>=AG$7))),(AND(AND($P36>=AG$7, $P36<=AG$8),$Q36>=AG$8)), AND($P36>=AG$7, $Q36<=AG$8), AND($P36<=AG$7,$Q36>=AG$8)),1,0) -> 0 | AH36: =IF(OR((AND($P36<=AH$7,AND($Q36<=AH$8, $Q36>=AH$7))),(AND(AND($P36>=AH$7, $P36<=AH$8),$Q36>=AH$8)), AND($P36>=AH$7, $Q36<=AH$8), AND($P36<=AH$7,$Q36>=AH$8)),1,0) -> 0 | ... CI36: =IF(OR((AND($P36<=CI$7,AND($Q36<=CI$8, $Q36>=CI$7))),(AND(AND($P36>=CI$7, $P36<=CI$8),$Q36>=CI$8)), AND($P36>=CI$7, $Q36<=CI$8), AND($P36<=CI$7,$Q36>=CI$8)),1,0) -> 0
A37: 3.5 | I37: 10 | J37: =IF(CheckDay>=Q37,1,IF(CheckDay<P37, 0,DAYS360(P37,CheckDay+1)/Y37)) -> 1 | K37: 0 | L37: =I37*J37/100 -> 0.1 | M37: =I37*K37/100 -> 0 | N37: =M37-L37 -> -0.1 | O37: =IF(AND(K37=0%,N37=0),"",IF(N37<0,"지연",IF(K37=100%,"종료","진행"))) -> 지연 | X37: =IF(ISBLANK(V37),"",(DAYS360(VLOOKUP(V37,$A$9:$Q$97,15,FALSE),P37)-1)) | Y37: =NETWORKDAYS(P37,Q37,진행현황_전체!C$59:C$77) -> 0 | AA37: =IF(OR((AND($P37<=AA$7,AND($Q37<=AA$8, $Q37>=AA$7))),(AND(AND($P37>=AA$7, $P37<=AA$8),$Q37>=AA$8)), AND($P37>=AA$7, $Q37<=AA$8), AND($P37<=AA$7,$Q37>=AA$8)),1,0) -> 0 | AB37: =IF(OR((AND($P37<=AB$7,AND($Q37<=AB$8, $Q37>=AB$7))),(AND(AND($P37>=AB$7, $P37<=AB$8),$Q37>=AB$8)), AND($P37>=AB$7, $Q37<=AB$8), AND($P37<=AB$7,$Q37>=AB$8)),1,0) -> 0 | AC37: =IF(OR((AND($P37<=AC$7,AND($Q37<=AC$8, $Q37>=AC$7))),(AND(AND($P37>=AC$7, $P37<=AC$8),$Q37>=AC$8)), AND($P37>=AC$7, $Q37<=AC$8), AND($P37<=AC$7,$Q37>=AC$8)),1,0) -> 0 | AD37: =IF(OR((AND($P37<=AD$7,AND($Q37<=AD$8, $Q37>=AD$7))),(AND(AND($P37>=AD$7, $P37<=AD$8),$Q37>=AD$8)), AND($P37>=AD$7, $Q37<=AD$8), AND($P37<=AD$7,$Q37>=AD$8)),1,0) -> 0 | AE37: =IF(OR((AND($P37<=AE$7,AND($Q37<=AE$8, $Q37>=AE$7))),(AND(AND($P37>=AE$7, $P37<=AE$8),$Q37>=AE$8)), AND($P37>=AE$7, $Q37<=AE$8), AND($P37<=AE$7,$Q37>=AE$8)),1,0) -> 0 | AF37: =IF(OR((AND($P37<=AF$7,AND($Q37<=AF$8, $Q37>=AF$7))),(AND(AND($P37>=AF$7, $P37<=AF$8),$Q37>=AF$8)), AND($P37>=AF$7, $Q37<=AF$8), AND($P37<=AF$7,$Q37>=AF$8)),1,0) -> 0 | AG37: =IF(OR((AND($P37<=AG$7,AND($Q37<=AG$8, $Q37>=AG$7))),(AND(AND($P37>=AG$7, $P37<=AG$8),$Q37>=AG$8)), AND($P37>=AG$7, $Q37<=AG$8), AND($P37<=AG$7,$Q37>=AG$8)),1,0) -> 0 | AH37: =IF(OR((AND($P37<=AH$7,AND($Q37<=AH$8, $Q37>=AH$7))),(AND(AND($P37>=AH$7, $P37<=AH$8),$Q37>=AH$8)), AND($P37>=AH$7, $Q37<=AH$8), AND($P37<=AH$7,$Q37>=AH$8)),1,0) -> 0 | ... CI37: =IF(OR((AND($P37<=CI$7,AND($Q37<=CI$8, $Q37>=CI$7))),(AND(AND($P37>=CI$7, $P37<=CI$8),$Q37>=CI$8)), AND($P37>=CI$7, $Q37<=CI$8), AND($P37<=CI$7,$Q37>=CI$8)),1,0) -> 0
A38: 3.6 | I38: 10 | J38: =IF(CheckDay>=Q38,1,IF(CheckDay<P38, 0,DAYS360(P38,CheckDay+1)/Y38)) -> 1 | K38: 0 | L38: =I38*J38/100 -> 0.1 | M38: =I38*K38/100 -> 0 | N38: =M38-L38 -> -0.1 | O38: =IF(AND(K38=0%,N38=0),"",IF(N38<0,"지연",IF(K38=100%,"종료","진행"))) -> 지연 | X38: =IF(ISBLANK(V38),"",(DAYS360(VLOOKUP(V38,$A$9:$Q$97,15,FALSE),P38)-1)) | Y38: =NETWORKDAYS(P38,Q38,진행현황_전체!C$59:C$77) -> 0 | AA38: =IF(OR((AND($P38<=AA$7,AND($Q38<=AA$8, $Q38>=AA$7))),(AND(AND($P38>=AA$7, $P38<=AA$8),$Q38>=AA$8)), AND($P38>=AA$7, $Q38<=AA$8), AND($P38<=AA$7,$Q38>=AA$8)),1,0) -> 0 | AB38: =IF(OR((AND($P38<=AB$7,AND($Q38<=AB$8, $Q38>=AB$7))),(AND(AND($P38>=AB$7, $P38<=AB$8),$Q38>=AB$8)), AND($P38>=AB$7, $Q38<=AB$8), AND($P38<=AB$7,$Q38>=AB$8)),1,0) -> 0 | AC38: =IF(OR((AND($P38<=AC$7,AND($Q38<=AC$8, $Q38>=AC$7))),(AND(AND($P38>=AC$7, $P38<=AC$8),$Q38>=AC$8)), AND($P38>=AC$7, $Q38<=AC$8), AND($P38<=AC$7,$Q38>=AC$8)),1,0) -> 0 | AD38: =IF(OR((AND($P38<=AD$7,AND($Q38<=AD$8, $Q38>=AD$7))),(AND(AND($P38>=AD$7, $P38<=AD$8),$Q38>=AD$8)), AND($P38>=AD$7, $Q38<=AD$8), AND($P38<=AD$7,$Q38>=AD$8)),1,0) -> 0 | AE38: =IF(OR((AND($P38<=AE$7,AND($Q38<=AE$8, $Q38>=AE$7))),(AND(AND($P38>=AE$7, $P38<=AE$8),$Q38>=AE$8)), AND($P38>=AE$7, $Q38<=AE$8), AND($P38<=AE$7,$Q38>=AE$8)),1,0) -> 0 | AF38: =IF(OR((AND($P38<=AF$7,AND($Q38<=AF$8, $Q38>=AF$7))),(AND(AND($P38>=AF$7, $P38<=AF$8),$Q38>=AF$8)), AND($P38>=AF$7, $Q38<=AF$8), AND($P38<=AF$7,$Q38>=AF$8)),1,0) -> 0 | AG38: =IF(OR((AND($P38<=AG$7,AND($Q38<=AG$8, $Q38>=AG$7))),(AND(AND($P38>=AG$7, $P38<=AG$8),$Q38>=AG$8)), AND($P38>=AG$7, $Q38<=AG$8), AND($P38<=AG$7,$Q38>=AG$8)),1,0) -> 0 | AH38: =IF(OR((AND($P38<=AH$7,AND($Q38<=AH$8, $Q38>=AH$7))),(AND(AND($P38>=AH$7, $P38<=AH$8),$Q38>=AH$8)), AND($P38>=AH$7, $Q38<=AH$8), AND($P38<=AH$7,$Q38>=AH$8)),1,0) -> 0 | ... CI38: =IF(OR((AND($P38<=CI$7,AND($Q38<=CI$8, $Q38>=CI$7))),(AND(AND($P38>=CI$7, $P38<=CI$8),$Q38>=CI$8)), AND($P38>=CI$7, $Q38<=CI$8), AND($P38<=CI$7,$Q38>=CI$8)),1,0) -> 0
A39: 3.7 | I39: 10 | J39: =IF(CheckDay>=Q39,1,IF(CheckDay<P39, 0,DAYS360(P39,CheckDay+1)/Y39)) -> 1 | K39: 0 | L39: =I39*J39/100 -> 0.1 | M39: =I39*K39/100 -> 0 | N39: =M39-L39 -> -0.1 | O39: =IF(AND(K39=0%,N39=0),"",IF(N39<0,"지연",IF(K39=100%,"종료","진행"))) -> 지연 | X39: =IF(ISBLANK(V39),"",(DAYS360(VLOOKUP(V39,$A$9:$Q$97,15,FALSE),P39)-1)) | Y39: =NETWORKDAYS(P39,Q39,진행현황_전체!C$59:C$77) -> 0 | AA39: =IF(OR((AND($P39<=AA$7,AND($Q39<=AA$8, $Q39>=AA$7))),(AND(AND($P39>=AA$7, $P39<=AA$8),$Q39>=AA$8)), AND($P39>=AA$7, $Q39<=AA$8), AND($P39<=AA$7,$Q39>=AA$8)),1,0) -> 0 | AB39: =IF(OR((AND($P39<=AB$7,AND($Q39<=AB$8, $Q39>=AB$7))),(AND(AND($P39>=AB$7, $P39<=AB$8),$Q39>=AB$8)), AND($P39>=AB$7, $Q39<=AB$8), AND($P39<=AB$7,$Q39>=AB$8)),1,0) -> 0 | AC39: =IF(OR((AND($P39<=AC$7,AND($Q39<=AC$8, $Q39>=AC$7))),(AND(AND($P39>=AC$7, $P39<=AC$8),$Q39>=AC$8)), AND($P39>=AC$7, $Q39<=AC$8), AND($P39<=AC$7,$Q39>=AC$8)),1,0) -> 0 | AD39: =IF(OR((AND($P39<=AD$7,AND($Q39<=AD$8, $Q39>=AD$7))),(AND(AND($P39>=AD$7, $P39<=AD$8),$Q39>=AD$8)), AND($P39>=AD$7, $Q39<=AD$8), AND($P39<=AD$7,$Q39>=AD$8)),1,0) -> 0 | AE39: =IF(OR((AND($P39<=AE$7,AND($Q39<=AE$8, $Q39>=AE$7))),(AND(AND($P39>=AE$7, $P39<=AE$8),$Q39>=AE$8)), AND($P39>=AE$7, $Q39<=AE$8), AND($P39<=AE$7,$Q39>=AE$8)),1,0) -> 0 | AF39: =IF(OR((AND($P39<=AF$7,AND($Q39<=AF$8, $Q39>=AF$7))),(AND(AND($P39>=AF$7, $P39<=AF$8),$Q39>=AF$8)), AND($P39>=AF$7, $Q39<=AF$8), AND($P39<=AF$7,$Q39>=AF$8)),1,0) -> 0 | AG39: =IF(OR((AND($P39<=AG$7,AND($Q39<=AG$8, $Q39>=AG$7))),(AND(AND($P39>=AG$7, $P39<=AG$8),$Q39>=AG$8)), AND($P39>=AG$7, $Q39<=AG$8), AND($P39<=AG$7,$Q39>=AG$8)),1,0) -> 0 | AH39: =IF(OR((AND($P39<=AH$7,AND($Q39<=AH$8, $Q39>=AH$7))),(AND(AND($P39>=AH$7, $P39<=AH$8),$Q39>=AH$8)), AND($P39>=AH$7, $Q39<=AH$8), AND($P39<=AH$7,$Q39>=AH$8)),1,0) -> 0 | ... CI39: =IF(OR((AND($P39<=CI$7,AND($Q39<=CI$8, $Q39>=CI$7))),(AND(AND($P39>=CI$7, $P39<=CI$8),$Q39>=CI$8)), AND($P39>=CI$7, $Q39<=CI$8), AND($P39<=CI$7,$Q39>=CI$8)),1,0) -> 0
A40: 3.8 | I40: 10 | J40: =IF(CheckDay>=Q40,1,IF(CheckDay<P40, 0,DAYS360(P40,CheckDay+1)/Y40)) -> 1 | K40: 0 | L40: =I40*J40/100 -> 0.1 | M40: =I40*K40/100 -> 0 | N40: =M40-L40 -> -0.1 | O40: =IF(AND(K40=0%,N40=0),"",IF(N40<0,"지연",IF(K40=100%,"종료","진행"))) -> 지연 | X40: =IF(ISBLANK(V40),"",(DAYS360(VLOOKUP(V40,$A$9:$Q$97,15,FALSE),P40)-1)) | Y40: =NETWORKDAYS(P40,Q40,진행현황_전체!C$59:C$77) -> 0 | AA40: =IF(OR((AND($P40<=AA$7,AND($Q40<=AA$8, $Q40>=AA$7))),(AND(AND($P40>=AA$7, $P40<=AA$8),$Q40>=AA$8)), AND($P40>=AA$7, $Q40<=AA$8), AND($P40<=AA$7,$Q40>=AA$8)),1,0) -> 0 | AB40: =IF(OR((AND($P40<=AB$7,AND($Q40<=AB$8, $Q40>=AB$7))),(AND(AND($P40>=AB$7, $P40<=AB$8),$Q40>=AB$8)), AND($P40>=AB$7, $Q40<=AB$8), AND($P40<=AB$7,$Q40>=AB$8)),1,0) -> 0 | AC40: =IF(OR((AND($P40<=AC$7,AND($Q40<=AC$8, $Q40>=AC$7))),(AND(AND($P40>=AC$7, $P40<=AC$8),$Q40>=AC$8)), AND($P40>=AC$7, $Q40<=AC$8), AND($P40<=AC$7,$Q40>=AC$8)),1,0) -> 0 | AD40: =IF(OR((AND($P40<=AD$7,AND($Q40<=AD$8, $Q40>=AD$7))),(AND(AND($P40>=AD$7, $P40<=AD$8),$Q40>=AD$8)), AND($P40>=AD$7, $Q40<=AD$8), AND($P40<=AD$7,$Q40>=AD$8)),1,0) -> 0 | AE40: =IF(OR((AND($P40<=AE$7,AND($Q40<=AE$8, $Q40>=AE$7))),(AND(AND($P40>=AE$7, $P40<=AE$8),$Q40>=AE$8)), AND($P40>=AE$7, $Q40<=AE$8), AND($P40<=AE$7,$Q40>=AE$8)),1,0) -> 0 | AF40: =IF(OR((AND($P40<=AF$7,AND($Q40<=AF$8, $Q40>=AF$7))),(AND(AND($P40>=AF$7, $P40<=AF$8),$Q40>=AF$8)), AND($P40>=AF$7, $Q40<=AF$8), AND($P40<=AF$7,$Q40>=AF$8)),1,0) -> 0 | AG40: =IF(OR((AND($P40<=AG$7,AND($Q40<=AG$8, $Q40>=AG$7))),(AND(AND($P40>=AG$7, $P40<=AG$8),$Q40>=AG$8)), AND($P40>=AG$7, $Q40<=AG$8), AND($P40<=AG$7,$Q40>=AG$8)),1,0) -> 0 | AH40: =IF(OR((AND($P40<=AH$7,AND($Q40<=AH$8, $Q40>=AH$7))),(AND(AND($P40>=AH$7, $P40<=AH$8),$Q40>=AH$8)), AND($P40>=AH$7, $Q40<=AH$8), AND($P40<=AH$7,$Q40>=AH$8)),1,0) -> 0 | ... CI40: =IF(OR((AND($P40<=CI$7,AND($Q40<=CI$8, $Q40>=CI$7))),(AND(AND($P40>=CI$7, $P40<=CI$8),$Q40>=CI$8)), AND($P40>=CI$7, $Q40<=CI$8), AND($P40<=CI$7,$Q40>=CI$8)),1,0) -> 0
A41: 3.9 | I41: 10 | J41: =IF(CheckDay>=Q41,1,IF(CheckDay<P41, 0,DAYS360(P41,CheckDay+1)/Y41)) -> 1 | K41: 0 | L41: =I41*J41/100 -> 0.1 | M41: =I41*K41/100 -> 0 | N41: =M41-L41 -> -0.1 | O41: =IF(AND(K41=0%,N41=0),"",IF(N41<0,"지연",IF(K41=100%,"종료","진행"))) -> 지연 | X41: =IF(ISBLANK(V41),"",(DAYS360(VLOOKUP(V41,$A$9:$Q$97,15,FALSE),P41)-1)) | Y41: =NETWORKDAYS(P41,Q41,진행현황_전체!C$59:C$77) -> 0 | AA41: =IF(OR((AND($P41<=AA$7,AND($Q41<=AA$8, $Q41>=AA$7))),(AND(AND($P41>=AA$7, $P41<=AA$8),$Q41>=AA$8)), AND($P41>=AA$7, $Q41<=AA$8), AND($P41<=AA$7,$Q41>=AA$8)),1,0) -> 0 | AB41: =IF(OR((AND($P41<=AB$7,AND($Q41<=AB$8, $Q41>=AB$7))),(AND(AND($P41>=AB$7, $P41<=AB$8),$Q41>=AB$8)), AND($P41>=AB$7, $Q41<=AB$8), AND($P41<=AB$7,$Q41>=AB$8)),1,0) -> 0 | AC41: =IF(OR((AND($P41<=AC$7,AND($Q41<=AC$8, $Q41>=AC$7))),(AND(AND($P41>=AC$7, $P41<=AC$8),$Q41>=AC$8)), AND($P41>=AC$7, $Q41<=AC$8), AND($P41<=AC$7,$Q41>=AC$8)),1,0) -> 0 | AD41: =IF(OR((AND($P41<=AD$7,AND($Q41<=AD$8, $Q41>=AD$7))),(AND(AND($P41>=AD$7, $P41<=AD$8),$Q41>=AD$8)), AND($P41>=AD$7, $Q41<=AD$8), AND($P41<=AD$7,$Q41>=AD$8)),1,0) -> 0 | AE41: =IF(OR((AND($P41<=AE$7,AND($Q41<=AE$8, $Q41>=AE$7))),(AND(AND($P41>=AE$7, $P41<=AE$8),$Q41>=AE$8)), AND($P41>=AE$7, $Q41<=AE$8), AND($P41<=AE$7,$Q41>=AE$8)),1,0) -> 0 | AF41: =IF(OR((AND($P41<=AF$7,AND($Q41<=AF$8, $Q41>=AF$7))),(AND(AND($P41>=AF$7, $P41<=AF$8),$Q41>=AF$8)), AND($P41>=AF$7, $Q41<=AF$8), AND($P41<=AF$7,$Q41>=AF$8)),1,0) -> 0 | AG41: =IF(OR((AND($P41<=AG$7,AND($Q41<=AG$8, $Q41>=AG$7))),(AND(AND($P41>=AG$7, $P41<=AG$8),$Q41>=AG$8)), AND($P41>=AG$7, $Q41<=AG$8), AND($P41<=AG$7,$Q41>=AG$8)),1,0) -> 0 | AH41: =IF(OR((AND($P41<=AH$7,AND($Q41<=AH$8, $Q41>=AH$7))),(AND(AND($P41>=AH$7, $P41<=AH$8),$Q41>=AH$8)), AND($P41>=AH$7, $Q41<=AH$8), AND($P41<=AH$7,$Q41>=AH$8)),1,0) -> 0 | ... CI41: =IF(OR((AND($P41<=CI$7,AND($Q41<=CI$8, $Q41>=CI$7))),(AND(AND($P41>=CI$7, $P41<=CI$8),$Q41>=CI$8)), AND($P41>=CI$7, $Q41<=CI$8), AND($P41<=CI$7,$Q41>=CI$8)),1,0) -> 0
A42: 3.10 | I42: 10 | J42: =IF(CheckDay>=Q42,1,IF(CheckDay<P42, 0,DAYS360(P42,CheckDay+1)/Y42)) -> 1 | K42: 0 | L42: =I42*J42/100 -> 0.1 | M42: =I42*K42/100 -> 0 | N42: =M42-L42 -> -0.1 | O42: =IF(AND(K42=0%,N42=0),"",IF(N42<0,"지연",IF(K42=100%,"종료","진행"))) -> 지연 | X42: =IF(ISBLANK(V42),"",(DAYS360(VLOOKUP(V42,$A$9:$Q$97,15,FALSE),P42)-1)) | Y42: =NETWORKDAYS(P42,Q42,진행현황_전체!C$59:C$77) -> 0 | AA42: =IF(OR((AND($P42<=AA$7,AND($Q42<=AA$8, $Q42>=AA$7))),(AND(AND($P42>=AA$7, $P42<=AA$8),$Q42>=AA$8)), AND($P42>=AA$7, $Q42<=AA$8), AND($P42<=AA$7,$Q42>=AA$8)),1,0) -> 0 | AB42: =IF(OR((AND($P42<=AB$7,AND($Q42<=AB$8, $Q42>=AB$7))),(AND(AND($P42>=AB$7, $P42<=AB$8),$Q42>=AB$8)), AND($P42>=AB$7, $Q42<=AB$8), AND($P42<=AB$7,$Q42>=AB$8)),1,0) -> 0 | AC42: =IF(OR((AND($P42<=AC$7,AND($Q42<=AC$8, $Q42>=AC$7))),(AND(AND($P42>=AC$7, $P42<=AC$8),$Q42>=AC$8)), AND($P42>=AC$7, $Q42<=AC$8), AND($P42<=AC$7,$Q42>=AC$8)),1,0) -> 0 | AD42: =IF(OR((AND($P42<=AD$7,AND($Q42<=AD$8, $Q42>=AD$7))),(AND(AND($P42>=AD$7, $P42<=AD$8),$Q42>=AD$8)), AND($P42>=AD$7, $Q42<=AD$8), AND($P42<=AD$7,$Q42>=AD$8)),1,0) -> 0 | AE42: =IF(OR((AND($P42<=AE$7,AND($Q42<=AE$8, $Q42>=AE$7))),(AND(AND($P42>=AE$7, $P42<=AE$8),$Q42>=AE$8)), AND($P42>=AE$7, $Q42<=AE$8), AND($P42<=AE$7,$Q42>=AE$8)),1,0) -> 0 | AF42: =IF(OR((AND($P42<=AF$7,AND($Q42<=AF$8, $Q42>=AF$7))),(AND(AND($P42>=AF$7, $P42<=AF$8),$Q42>=AF$8)), AND($P42>=AF$7, $Q42<=AF$8), AND($P42<=AF$7,$Q42>=AF$8)),1,0) -> 0 | AG42: =IF(OR((AND($P42<=AG$7,AND($Q42<=AG$8, $Q42>=AG$7))),(AND(AND($P42>=AG$7, $P42<=AG$8),$Q42>=AG$8)), AND($P42>=AG$7, $Q42<=AG$8), AND($P42<=AG$7,$Q42>=AG$8)),1,0) -> 0 | AH42: =IF(OR((AND($P42<=AH$7,AND($Q42<=AH$8, $Q42>=AH$7))),(AND(AND($P42>=AH$7, $P42<=AH$8),$Q42>=AH$8)), AND($P42>=AH$7, $Q42<=AH$8), AND($P42<=AH$7,$Q42>=AH$8)),1,0) -> 0 | ... CI42: =IF(OR((AND($P42<=CI$7,AND($Q42<=CI$8, $Q42>=CI$7))),(AND(AND($P42>=CI$7, $P42<=CI$8),$Q42>=CI$8)), AND($P42>=CI$7, $Q42<=CI$8), AND($P42<=CI$7,$Q42>=CI$8)),1,0) -> 0
A43: 4 | B43: =진행현황_01.범위명!E15 -> 단계4 | H43: =SUM(I44:I53) -> 100 | I43: =진행현황_01.범위명!E16 -> 15 | J43: =SUM(L44:L53) -> 1 | K43: =SUM(M44:M53) -> 0 | L43: =SUM(L44:L53)*I43 -> 15 | M43: =SUM(M44:M53)*I43 -> 0 | N43: =M43-L43 -> -15 | P43: =MIN(P44:P53) -> 0 | Q43: =MAX(Q44:Q53) -> 0 | S43: =MIN(S44:S53) -> 0 | T43: =MAX(T44:T53) -> 0 | X43: =IF(ISBLANK(V43),"",(DAYS360(VLOOKUP(V43,$A$9:$Q$97,15,FALSE),P43)-1)) | Y43: =NETWORKDAYS(P43,Q43,진행현황_전체!C$59:C$77) -> 0
A44: 4.1 | I44: 10 | J44: =IF(CheckDay>=Q44,1,IF(CheckDay<P44, 0,DAYS360(P44,CheckDay+1)/Y44)) -> 1 | K44: 0 | L44: =I44*J44/100 -> 0.1 | M44: =I44*K44/100 -> 0 | N44: =M44-L44 -> -0.1 | O44: =IF(AND(K44=0%,N44=0),"",IF(N44<0,"지연",IF(K44=100%,"종료","진행"))) -> 지연 | X44: =IF(ISBLANK(V44),"",(DAYS360(VLOOKUP(V44,$A$9:$Q$97,15,FALSE),P44)-1)) | Y44: =NETWORKDAYS(P44,Q44,진행현황_전체!C$59:C$77) -> 0 | AA44: =IF(OR((AND($P44<=AA$7,AND($Q44<=AA$8, $Q44>=AA$7))),(AND(AND($P44>=AA$7, $P44<=AA$8),$Q44>=AA$8)), AND($P44>=AA$7, $Q44<=AA$8), AND($P44<=AA$7,$Q44>=AA$8)),1,0) -> 0 | AB44: =IF(OR((AND($P44<=AB$7,AND($Q44<=AB$8, $Q44>=AB$7))),(AND(AND($P44>=AB$7, $P44<=AB$8),$Q44>=AB$8)), AND($P44>=AB$7, $Q44<=AB$8), AND($P44<=AB$7,$Q44>=AB$8)),1,0) -> 0 | AC44: =IF(OR((AND($P44<=AC$7,AND($Q44<=AC$8, $Q44>=AC$7))),(AND(AND($P44>=AC$7, $P44<=AC$8),$Q44>=AC$8)), AND($P44>=AC$7, $Q44<=AC$8), AND($P44<=AC$7,$Q44>=AC$8)),1,0) -> 0 | AD44: =IF(OR((AND($P44<=AD$7,AND($Q44<=AD$8, $Q44>=AD$7))),(AND(AND($P44>=AD$7, $P44<=AD$8),$Q44>=AD$8)), AND($P44>=AD$7, $Q44<=AD$8), AND($P44<=AD$7,$Q44>=AD$8)),1,0) -> 0 | AE44: =IF(OR((AND($P44<=AE$7,AND($Q44<=AE$8, $Q44>=AE$7))),(AND(AND($P44>=AE$7, $P44<=AE$8),$Q44>=AE$8)), AND($P44>=AE$7, $Q44<=AE$8), AND($P44<=AE$7,$Q44>=AE$8)),1,0) -> 0 | AF44: =IF(OR((AND($P44<=AF$7,AND($Q44<=AF$8, $Q44>=AF$7))),(AND(AND($P44>=AF$7, $P44<=AF$8),$Q44>=AF$8)), AND($P44>=AF$7, $Q44<=AF$8), AND($P44<=AF$7,$Q44>=AF$8)),1,0) -> 0 | AG44: =IF(OR((AND($P44<=AG$7,AND($Q44<=AG$8, $Q44>=AG$7))),(AND(AND($P44>=AG$7, $P44<=AG$8),$Q44>=AG$8)), AND($P44>=AG$7, $Q44<=AG$8), AND($P44<=AG$7,$Q44>=AG$8)),1,0) -> 0 | AH44: =IF(OR((AND($P44<=AH$7,AND($Q44<=AH$8, $Q44>=AH$7))),(AND(AND($P44>=AH$7, $P44<=AH$8),$Q44>=AH$8)), AND($P44>=AH$7, $Q44<=AH$8), AND($P44<=AH$7,$Q44>=AH$8)),1,0) -> 0 | ... CI44: =IF(OR((AND($P44<=CI$7,AND($Q44<=CI$8, $Q44>=CI$7))),(AND(AND($P44>=CI$7, $P44<=CI$8),$Q44>=CI$8)), AND($P44>=CI$7, $Q44<=CI$8), AND($P44<=CI$7,$Q44>=CI$8)),1,0) -> 0
A45: 4.2 | I45: 10 | J45: =IF(CheckDay>=Q45,1,IF(CheckDay<P45, 0,DAYS360(P45,CheckDay+1)/Y45)) -> 1 | K45: 0 | L45: =I45*J45/100 -> 0.1 | M45: =I45*K45/100 -> 0 | N45: =M45-L45 -> -0.1 | O45: =IF(AND(K45=0%,N45=0),"",IF(N45<0,"지연",IF(K45=100%,"종료","진행"))) -> 지연 | X45: =IF(ISBLANK(V45),"",(DAYS360(VLOOKUP(V45,$A$9:$Q$97,15,FALSE),P45)-1)) | Y45: =NETWORKDAYS(P45,Q45,진행현황_전체!C$59:C$77) -> 0 | AA45: =IF(OR((AND($P45<=AA$7,AND($Q45<=AA$8, $Q45>=AA$7))),(AND(AND($P45>=AA$7, $P45<=AA$8),$Q45>=AA$8)), AND($P45>=AA$7, $Q45<=AA$8), AND($P45<=AA$7,$Q45>=AA$8)),1,0) -> 0 | AB45: =IF(OR((AND($P45<=AB$7,AND($Q45<=AB$8, $Q45>=AB$7))),(AND(AND($P45>=AB$7, $P45<=AB$8),$Q45>=AB$8)), AND($P45>=AB$7, $Q45<=AB$8), AND($P45<=AB$7,$Q45>=AB$8)),1,0) -> 0 | AC45: =IF(OR((AND($P45<=AC$7,AND($Q45<=AC$8, $Q45>=AC$7))),(AND(AND($P45>=AC$7, $P45<=AC$8),$Q45>=AC$8)), AND($P45>=AC$7, $Q45<=AC$8), AND($P45<=AC$7,$Q45>=AC$8)),1,0) -> 0 | AD45: =IF(OR((AND($P45<=AD$7,AND($Q45<=AD$8, $Q45>=AD$7))),(AND(AND($P45>=AD$7, $P45<=AD$8),$Q45>=AD$8)), AND($P45>=AD$7, $Q45<=AD$8), AND($P45<=AD$7,$Q45>=AD$8)),1,0) -> 0 | AE45: =IF(OR((AND($P45<=AE$7,AND($Q45<=AE$8, $Q45>=AE$7))),(AND(AND($P45>=AE$7, $P45<=AE$8),$Q45>=AE$8)), AND($P45>=AE$7, $Q45<=AE$8), AND($P45<=AE$7,$Q45>=AE$8)),1,0) -> 0 | AF45: =IF(OR((AND($P45<=AF$7,AND($Q45<=AF$8, $Q45>=AF$7))),(AND(AND($P45>=AF$7, $P45<=AF$8),$Q45>=AF$8)), AND($P45>=AF$7, $Q45<=AF$8), AND($P45<=AF$7,$Q45>=AF$8)),1,0) -> 0 | AG45: =IF(OR((AND($P45<=AG$7,AND($Q45<=AG$8, $Q45>=AG$7))),(AND(AND($P45>=AG$7, $P45<=AG$8),$Q45>=AG$8)), AND($P45>=AG$7, $Q45<=AG$8), AND($P45<=AG$7,$Q45>=AG$8)),1,0) -> 0 | AH45: =IF(OR((AND($P45<=AH$7,AND($Q45<=AH$8, $Q45>=AH$7))),(AND(AND($P45>=AH$7, $P45<=AH$8),$Q45>=AH$8)), AND($P45>=AH$7, $Q45<=AH$8), AND($P45<=AH$7,$Q45>=AH$8)),1,0) -> 0 | ... CI45: =IF(OR((AND($P45<=CI$7,AND($Q45<=CI$8, $Q45>=CI$7))),(AND(AND($P45>=CI$7, $P45<=CI$8),$Q45>=CI$8)), AND($P45>=CI$7, $Q45<=CI$8), AND($P45<=CI$7,$Q45>=CI$8)),1,0) -> 0
A46: 4.3 | I46: 10 | J46: =IF(CheckDay>=Q46,1,IF(CheckDay<P46, 0,DAYS360(P46,CheckDay+1)/Y46)) -> 1 | K46: 0 | L46: =I46*J46/100 -> 0.1 | M46: =I46*K46/100 -> 0 | N46: =M46-L46 -> -0.1 | O46: =IF(AND(K46=0%,N46=0),"",IF(N46<0,"지연",IF(K46=100%,"종료","진행"))) -> 지연 | X46: =IF(ISBLANK(V46),"",(DAYS360(VLOOKUP(V46,$A$9:$Q$97,15,FALSE),P46)-1)) | Y46: =NETWORKDAYS(P46,Q46,진행현황_전체!C$59:C$77) -> 0 | AA46: =IF(OR((AND($P46<=AA$7,AND($Q46<=AA$8, $Q46>=AA$7))),(AND(AND($P46>=AA$7, $P46<=AA$8),$Q46>=AA$8)), AND($P46>=AA$7, $Q46<=AA$8), AND($P46<=AA$7,$Q46>=AA$8)),1,0) -> 0 | AB46: =IF(OR((AND($P46<=AB$7,AND($Q46<=AB$8, $Q46>=AB$7))),(AND(AND($P46>=AB$7, $P46<=AB$8),$Q46>=AB$8)), AND($P46>=AB$7, $Q46<=AB$8), AND($P46<=AB$7,$Q46>=AB$8)),1,0) -> 0 | AC46: =IF(OR((AND($P46<=AC$7,AND($Q46<=AC$8, $Q46>=AC$7))),(AND(AND($P46>=AC$7, $P46<=AC$8),$Q46>=AC$8)), AND($P46>=AC$7, $Q46<=AC$8), AND($P46<=AC$7,$Q46>=AC$8)),1,0) -> 0 | AD46: =IF(OR((AND($P46<=AD$7,AND($Q46<=AD$8, $Q46>=AD$7))),(AND(AND($P46>=AD$7, $P46<=AD$8),$Q46>=AD$8)), AND($P46>=AD$7, $Q46<=AD$8), AND($P46<=AD$7,$Q46>=AD$8)),1,0) -> 0 | AE46: =IF(OR((AND($P46<=AE$7,AND($Q46<=AE$8, $Q46>=AE$7))),(AND(AND($P46>=AE$7, $P46<=AE$8),$Q46>=AE$8)), AND($P46>=AE$7, $Q46<=AE$8), AND($P46<=AE$7,$Q46>=AE$8)),1,0) -> 0 | AF46: =IF(OR((AND($P46<=AF$7,AND($Q46<=AF$8, $Q46>=AF$7))),(AND(AND($P46>=AF$7, $P46<=AF$8),$Q46>=AF$8)), AND($P46>=AF$7, $Q46<=AF$8), AND($P46<=AF$7,$Q46>=AF$8)),1,0) -> 0 | AG46: =IF(OR((AND($P46<=AG$7,AND($Q46<=AG$8, $Q46>=AG$7))),(AND(AND($P46>=AG$7, $P46<=AG$8),$Q46>=AG$8)), AND($P46>=AG$7, $Q46<=AG$8), AND($P46<=AG$7,$Q46>=AG$8)),1,0) -> 0 | AH46: =IF(OR((AND($P46<=AH$7,AND($Q46<=AH$8, $Q46>=AH$7))),(AND(AND($P46>=AH$7, $P46<=AH$8),$Q46>=AH$8)), AND($P46>=AH$7, $Q46<=AH$8), AND($P46<=AH$7,$Q46>=AH$8)),1,0) -> 0 | ... CI46: =IF(OR((AND($P46<=CI$7,AND($Q46<=CI$8, $Q46>=CI$7))),(AND(AND($P46>=CI$7, $P46<=CI$8),$Q46>=CI$8)), AND($P46>=CI$7, $Q46<=CI$8), AND($P46<=CI$7,$Q46>=CI$8)),1,0) -> 0
A47: 4.4 | I47: 10 | J47: =IF(CheckDay>=Q47,1,IF(CheckDay<P47, 0,DAYS360(P47,CheckDay+1)/Y47)) -> 1 | K47: 0 | L47: =I47*J47/100 -> 0.1 | M47: =I47*K47/100 -> 0 | N47: =M47-L47 -> -0.1 | O47: =IF(AND(K47=0%,N47=0),"",IF(N47<0,"지연",IF(K47=100%,"종료","진행"))) -> 지연 | X47: =IF(ISBLANK(V47),"",(DAYS360(VLOOKUP(V47,$A$9:$Q$97,15,FALSE),P47)-1)) | Y47: =NETWORKDAYS(P47,Q47,진행현황_전체!C$59:C$77) -> 0 | AA47: =IF(OR((AND($P47<=AA$7,AND($Q47<=AA$8, $Q47>=AA$7))),(AND(AND($P47>=AA$7, $P47<=AA$8),$Q47>=AA$8)), AND($P47>=AA$7, $Q47<=AA$8), AND($P47<=AA$7,$Q47>=AA$8)),1,0) -> 0 | AB47: =IF(OR((AND($P47<=AB$7,AND($Q47<=AB$8, $Q47>=AB$7))),(AND(AND($P47>=AB$7, $P47<=AB$8),$Q47>=AB$8)), AND($P47>=AB$7, $Q47<=AB$8), AND($P47<=AB$7,$Q47>=AB$8)),1,0) -> 0 | AC47: =IF(OR((AND($P47<=AC$7,AND($Q47<=AC$8, $Q47>=AC$7))),(AND(AND($P47>=AC$7, $P47<=AC$8),$Q47>=AC$8)), AND($P47>=AC$7, $Q47<=AC$8), AND($P47<=AC$7,$Q47>=AC$8)),1,0) -> 0 | AD47: =IF(OR((AND($P47<=AD$7,AND($Q47<=AD$8, $Q47>=AD$7))),(AND(AND($P47>=AD$7, $P47<=AD$8),$Q47>=AD$8)), AND($P47>=AD$7, $Q47<=AD$8), AND($P47<=AD$7,$Q47>=AD$8)),1,0) -> 0 | AE47: =IF(OR((AND($P47<=AE$7,AND($Q47<=AE$8, $Q47>=AE$7))),(AND(AND($P47>=AE$7, $P47<=AE$8),$Q47>=AE$8)), AND($P47>=AE$7, $Q47<=AE$8), AND($P47<=AE$7,$Q47>=AE$8)),1,0) -> 0 | AF47: =IF(OR((AND($P47<=AF$7,AND($Q47<=AF$8, $Q47>=AF$7))),(AND(AND($P47>=AF$7, $P47<=AF$8),$Q47>=AF$8)), AND($P47>=AF$7, $Q47<=AF$8), AND($P47<=AF$7,$Q47>=AF$8)),1,0) -> 0 | AG47: =IF(OR((AND($P47<=AG$7,AND($Q47<=AG$8, $Q47>=AG$7))),(AND(AND($P47>=AG$7, $P47<=AG$8),$Q47>=AG$8)), AND($P47>=AG$7, $Q47<=AG$8), AND($P47<=AG$7,$Q47>=AG$8)),1,0) -> 0 | AH47: =IF(OR((AND($P47<=AH$7,AND($Q47<=AH$8, $Q47>=AH$7))),(AND(AND($P47>=AH$7, $P47<=AH$8),$Q47>=AH$8)), AND($P47>=AH$7, $Q47<=AH$8), AND($P47<=AH$7,$Q47>=AH$8)),1,0) -> 0 | ... CI47: =IF(OR((AND($P47<=CI$7,AND($Q47<=CI$8, $Q47>=CI$7))),(AND(AND($P47>=CI$7, $P47<=CI$8),$Q47>=CI$8)), AND($P47>=CI$7, $Q47<=CI$8), AND($P47<=CI$7,$Q47>=CI$8)),1,0) -> 0
A48: 4.5 | I48: 10 | J48: =IF(CheckDay>=Q48,1,IF(CheckDay<P48, 0,DAYS360(P48,CheckDay+1)/Y48)) -> 1 | K48: 0 | L48: =I48*J48/100 -> 0.1 | M48: =I48*K48/100 -> 0 | N48: =M48-L48 -> -0.1 | O48: =IF(AND(K48=0%,N48=0),"",IF(N48<0,"지연",IF(K48=100%,"종료","진행"))) -> 지연 | X48: =IF(ISBLANK(V48),"",(DAYS360(VLOOKUP(V48,$A$9:$Q$97,15,FALSE),P48)-1)) | Y48: =NETWORKDAYS(P48,Q48,진행현황_전체!C$59:C$77) -> 0 | AA48: =IF(OR((AND($P48<=AA$7,AND($Q48<=AA$8, $Q48>=AA$7))),(AND(AND($P48>=AA$7, $P48<=AA$8),$Q48>=AA$8)), AND($P48>=AA$7, $Q48<=AA$8), AND($P48<=AA$7,$Q48>=AA$8)),1,0) -> 0 | AB48: =IF(OR((AND($P48<=AB$7,AND($Q48<=AB$8, $Q48>=AB$7))),(AND(AND($P48>=AB$7, $P48<=AB$8),$Q48>=AB$8)), AND($P48>=AB$7, $Q48<=AB$8), AND($P48<=AB$7,$Q48>=AB$8)),1,0) -> 0 | AC48: =IF(OR((AND($P48<=AC$7,AND($Q48<=AC$8, $Q48>=AC$7))),(AND(AND($P48>=AC$7, $P48<=AC$8),$Q48>=AC$8)), AND($P48>=AC$7, $Q48<=AC$8), AND($P48<=AC$7,$Q48>=AC$8)),1,0) -> 0 | AD48: =IF(OR((AND($P48<=AD$7,AND($Q48<=AD$8, $Q48>=AD$7))),(AND(AND($P48>=AD$7, $P48<=AD$8),$Q48>=AD$8)), AND($P48>=AD$7, $Q48<=AD$8), AND($P48<=AD$7,$Q48>=AD$8)),1,0) -> 0 | AE48: =IF(OR((AND($P48<=AE$7,AND($Q48<=AE$8, $Q48>=AE$7))),(AND(AND($P48>=AE$7, $P48<=AE$8),$Q48>=AE$8)), AND($P48>=AE$7, $Q48<=AE$8), AND($P48<=AE$7,$Q48>=AE$8)),1,0) -> 0 | AF48: =IF(OR((AND($P48<=AF$7,AND($Q48<=AF$8, $Q48>=AF$7))),(AND(AND($P48>=AF$7, $P48<=AF$8),$Q48>=AF$8)), AND($P48>=AF$7, $Q48<=AF$8), AND($P48<=AF$7,$Q48>=AF$8)),1,0) -> 0 | AG48: =IF(OR((AND($P48<=AG$7,AND($Q48<=AG$8, $Q48>=AG$7))),(AND(AND($P48>=AG$7, $P48<=AG$8),$Q48>=AG$8)), AND($P48>=AG$7, $Q48<=AG$8), AND($P48<=AG$7,$Q48>=AG$8)),1,0) -> 0 | AH48: =IF(OR((AND($P48<=AH$7,AND($Q48<=AH$8, $Q48>=AH$7))),(AND(AND($P48>=AH$7, $P48<=AH$8),$Q48>=AH$8)), AND($P48>=AH$7, $Q48<=AH$8), AND($P48<=AH$7,$Q48>=AH$8)),1,0) -> 0 | ... CI48: =IF(OR((AND($P48<=CI$7,AND($Q48<=CI$8, $Q48>=CI$7))),(AND(AND($P48>=CI$7, $P48<=CI$8),$Q48>=CI$8)), AND($P48>=CI$7, $Q48<=CI$8), AND($P48<=CI$7,$Q48>=CI$8)),1,0) -> 0
A49: 4.6 | I49: 10 | J49: =IF(CheckDay>=Q49,1,IF(CheckDay<P49, 0,DAYS360(P49,CheckDay+1)/Y49)) -> 1 | K49: 0 | L49: =I49*J49/100 -> 0.1 | M49: =I49*K49/100 -> 0 | N49: =M49-L49 -> -0.1 | O49: =IF(AND(K49=0%,N49=0),"",IF(N49<0,"지연",IF(K49=100%,"종료","진행"))) -> 지연 | X49: =IF(ISBLANK(V49),"",(DAYS360(VLOOKUP(V49,$A$9:$Q$97,15,FALSE),P49)-1)) | Y49: =NETWORKDAYS(P49,Q49,진행현황_전체!C$59:C$77) -> 0 | AA49: =IF(OR((AND($P49<=AA$7,AND($Q49<=AA$8, $Q49>=AA$7))),(AND(AND($P49>=AA$7, $P49<=AA$8),$Q49>=AA$8)), AND($P49>=AA$7, $Q49<=AA$8), AND($P49<=AA$7,$Q49>=AA$8)),1,0) -> 0 | AB49: =IF(OR((AND($P49<=AB$7,AND($Q49<=AB$8, $Q49>=AB$7))),(AND(AND($P49>=AB$7, $P49<=AB$8),$Q49>=AB$8)), AND($P49>=AB$7, $Q49<=AB$8), AND($P49<=AB$7,$Q49>=AB$8)),1,0) -> 0 | AC49: =IF(OR((AND($P49<=AC$7,AND($Q49<=AC$8, $Q49>=AC$7))),(AND(AND($P49>=AC$7, $P49<=AC$8),$Q49>=AC$8)), AND($P49>=AC$7, $Q49<=AC$8), AND($P49<=AC$7,$Q49>=AC$8)),1,0) -> 0 | AD49: =IF(OR((AND($P49<=AD$7,AND($Q49<=AD$8, $Q49>=AD$7))),(AND(AND($P49>=AD$7, $P49<=AD$8),$Q49>=AD$8)), AND($P49>=AD$7, $Q49<=AD$8), AND($P49<=AD$7,$Q49>=AD$8)),1,0) -> 0 | AE49: =IF(OR((AND($P49<=AE$7,AND($Q49<=AE$8, $Q49>=AE$7))),(AND(AND($P49>=AE$7, $P49<=AE$8),$Q49>=AE$8)), AND($P49>=AE$7, $Q49<=AE$8), AND($P49<=AE$7,$Q49>=AE$8)),1,0) -> 0 | AF49: =IF(OR((AND($P49<=AF$7,AND($Q49<=AF$8, $Q49>=AF$7))),(AND(AND($P49>=AF$7, $P49<=AF$8),$Q49>=AF$8)), AND($P49>=AF$7, $Q49<=AF$8), AND($P49<=AF$7,$Q49>=AF$8)),1,0) -> 0 | AG49: =IF(OR((AND($P49<=AG$7,AND($Q49<=AG$8, $Q49>=AG$7))),(AND(AND($P49>=AG$7, $P49<=AG$8),$Q49>=AG$8)), AND($P49>=AG$7, $Q49<=AG$8), AND($P49<=AG$7,$Q49>=AG$8)),1,0) -> 0 | AH49: =IF(OR((AND($P49<=AH$7,AND($Q49<=AH$8, $Q49>=AH$7))),(AND(AND($P49>=AH$7, $P49<=AH$8),$Q49>=AH$8)), AND($P49>=AH$7, $Q49<=AH$8), AND($P49<=AH$7,$Q49>=AH$8)),1,0) -> 0 | ... CI49: =IF(OR((AND($P49<=CI$7,AND($Q49<=CI$8, $Q49>=CI$7))),(AND(AND($P49>=CI$7, $P49<=CI$8),$Q49>=CI$8)), AND($P49>=CI$7, $Q49<=CI$8), AND($P49<=CI$7,$Q49>=CI$8)),1,0) -> 0
A50: 4.7 | I50: 10 | J50: =IF(CheckDay>=Q50,1,IF(CheckDay<P50, 0,DAYS360(P50,CheckDay+1)/Y50)) -> 1 | K50: 0 | L50: =I50*J50/100 -> 0.1 | M50: =I50*K50/100 -> 0 | N50: =M50-L50 -> -0.1 | O50: =IF(AND(K50=0%,N50=0),"",IF(N50<0,"지연",IF(K50=100%,"종료","진행"))) -> 지연 | X50: =IF(ISBLANK(V50),"",(DAYS360(VLOOKUP(V50,$A$9:$Q$97,15,FALSE),P50)-1)) | Y50: =NETWORKDAYS(P50,Q50,진행현황_전체!C$59:C$77) -> 0 | AA50: =IF(OR((AND($P50<=AA$7,AND($Q50<=AA$8, $Q50>=AA$7))),(AND(AND($P50>=AA$7, $P50<=AA$8),$Q50>=AA$8)), AND($P50>=AA$7, $Q50<=AA$8), AND($P50<=AA$7,$Q50>=AA$8)),1,0) -> 0 | AB50: =IF(OR((AND($P50<=AB$7,AND($Q50<=AB$8, $Q50>=AB$7))),(AND(AND($P50>=AB$7, $P50<=AB$8),$Q50>=AB$8)), AND($P50>=AB$7, $Q50<=AB$8), AND($P50<=AB$7,$Q50>=AB$8)),1,0) -> 0 | AC50: =IF(OR((AND($P50<=AC$7,AND($Q50<=AC$8, $Q50>=AC$7))),(AND(AND($P50>=AC$7, $P50<=AC$8),$Q50>=AC$8)), AND($P50>=AC$7, $Q50<=AC$8), AND($P50<=AC$7,$Q50>=AC$8)),1,0) -> 0 | AD50: =IF(OR((AND($P50<=AD$7,AND($Q50<=AD$8, $Q50>=AD$7))),(AND(AND($P50>=AD$7, $P50<=AD$8),$Q50>=AD$8)), AND($P50>=AD$7, $Q50<=AD$8), AND($P50<=AD$7,$Q50>=AD$8)),1,0) -> 0 | AE50: =IF(OR((AND($P50<=AE$7,AND($Q50<=AE$8, $Q50>=AE$7))),(AND(AND($P50>=AE$7, $P50<=AE$8),$Q50>=AE$8)), AND($P50>=AE$7, $Q50<=AE$8), AND($P50<=AE$7,$Q50>=AE$8)),1,0) -> 0 | AF50: =IF(OR((AND($P50<=AF$7,AND($Q50<=AF$8, $Q50>=AF$7))),(AND(AND($P50>=AF$7, $P50<=AF$8),$Q50>=AF$8)), AND($P50>=AF$7, $Q50<=AF$8), AND($P50<=AF$7,$Q50>=AF$8)),1,0) -> 0 | AG50: =IF(OR((AND($P50<=AG$7,AND($Q50<=AG$8, $Q50>=AG$7))),(AND(AND($P50>=AG$7, $P50<=AG$8),$Q50>=AG$8)), AND($P50>=AG$7, $Q50<=AG$8), AND($P50<=AG$7,$Q50>=AG$8)),1,0) -> 0 | AH50: =IF(OR((AND($P50<=AH$7,AND($Q50<=AH$8, $Q50>=AH$7))),(AND(AND($P50>=AH$7, $P50<=AH$8),$Q50>=AH$8)), AND($P50>=AH$7, $Q50<=AH$8), AND($P50<=AH$7,$Q50>=AH$8)),1,0) -> 0 | ... CI50: =IF(OR((AND($P50<=CI$7,AND($Q50<=CI$8, $Q50>=CI$7))),(AND(AND($P50>=CI$7, $P50<=CI$8),$Q50>=CI$8)), AND($P50>=CI$7, $Q50<=CI$8), AND($P50<=CI$7,$Q50>=CI$8)),1,0) -> 0
A51: 4.8 | I51: 10 | J51: =IF(CheckDay>=Q51,1,IF(CheckDay<P51, 0,DAYS360(P51,CheckDay+1)/Y51)) -> 1 | K51: 0 | L51: =I51*J51/100 -> 0.1 | M51: =I51*K51/100 -> 0 | N51: =M51-L51 -> -0.1 | O51: =IF(AND(K51=0%,N51=0),"",IF(N51<0,"지연",IF(K51=100%,"종료","진행"))) -> 지연 | X51: =IF(ISBLANK(V51),"",(DAYS360(VLOOKUP(V51,$A$9:$Q$97,15,FALSE),P51)-1)) | Y51: =NETWORKDAYS(P51,Q51,진행현황_전체!C$59:C$77) -> 0 | AA51: =IF(OR((AND($P51<=AA$7,AND($Q51<=AA$8, $Q51>=AA$7))),(AND(AND($P51>=AA$7, $P51<=AA$8),$Q51>=AA$8)), AND($P51>=AA$7, $Q51<=AA$8), AND($P51<=AA$7,$Q51>=AA$8)),1,0) -> 0 | AB51: =IF(OR((AND($P51<=AB$7,AND($Q51<=AB$8, $Q51>=AB$7))),(AND(AND($P51>=AB$7, $P51<=AB$8),$Q51>=AB$8)), AND($P51>=AB$7, $Q51<=AB$8), AND($P51<=AB$7,$Q51>=AB$8)),1,0) -> 0 | AC51: =IF(OR((AND($P51<=AC$7,AND($Q51<=AC$8, $Q51>=AC$7))),(AND(AND($P51>=AC$7, $P51<=AC$8),$Q51>=AC$8)), AND($P51>=AC$7, $Q51<=AC$8), AND($P51<=AC$7,$Q51>=AC$8)),1,0) -> 0 | AD51: =IF(OR((AND($P51<=AD$7,AND($Q51<=AD$8, $Q51>=AD$7))),(AND(AND($P51>=AD$7, $P51<=AD$8),$Q51>=AD$8)), AND($P51>=AD$7, $Q51<=AD$8), AND($P51<=AD$7,$Q51>=AD$8)),1,0) -> 0 | AE51: =IF(OR((AND($P51<=AE$7,AND($Q51<=AE$8, $Q51>=AE$7))),(AND(AND($P51>=AE$7, $P51<=AE$8),$Q51>=AE$8)), AND($P51>=AE$7, $Q51<=AE$8), AND($P51<=AE$7,$Q51>=AE$8)),1,0) -> 0 | AF51: =IF(OR((AND($P51<=AF$7,AND($Q51<=AF$8, $Q51>=AF$7))),(AND(AND($P51>=AF$7, $P51<=AF$8),$Q51>=AF$8)), AND($P51>=AF$7, $Q51<=AF$8), AND($P51<=AF$7,$Q51>=AF$8)),1,0) -> 0 | AG51: =IF(OR((AND($P51<=AG$7,AND($Q51<=AG$8, $Q51>=AG$7))),(AND(AND($P51>=AG$7, $P51<=AG$8),$Q51>=AG$8)), AND($P51>=AG$7, $Q51<=AG$8), AND($P51<=AG$7,$Q51>=AG$8)),1,0) -> 0 | AH51: =IF(OR((AND($P51<=AH$7,AND($Q51<=AH$8, $Q51>=AH$7))),(AND(AND($P51>=AH$7, $P51<=AH$8),$Q51>=AH$8)), AND($P51>=AH$7, $Q51<=AH$8), AND($P51<=AH$7,$Q51>=AH$8)),1,0) -> 0 | ... CI51: =IF(OR((AND($P51<=CI$7,AND($Q51<=CI$8, $Q51>=CI$7))),(AND(AND($P51>=CI$7, $P51<=CI$8),$Q51>=CI$8)), AND($P51>=CI$7, $Q51<=CI$8), AND($P51<=CI$7,$Q51>=CI$8)),1,0) -> 0
A52: 4.9 | I52: 10 | J52: =IF(CheckDay>=Q52,1,IF(CheckDay<P52, 0,DAYS360(P52,CheckDay+1)/Y52)) -> 1 | K52: 0 | L52: =I52*J52/100 -> 0.1 | M52: =I52*K52/100 -> 0 | N52: =M52-L52 -> -0.1 | O52: =IF(AND(K52=0%,N52=0),"",IF(N52<0,"지연",IF(K52=100%,"종료","진행"))) -> 지연 | X52: =IF(ISBLANK(V52),"",(DAYS360(VLOOKUP(V52,$A$9:$Q$97,15,FALSE),P52)-1)) | Y52: =NETWORKDAYS(P52,Q52,진행현황_전체!C$59:C$77) -> 0 | AA52: =IF(OR((AND($P52<=AA$7,AND($Q52<=AA$8, $Q52>=AA$7))),(AND(AND($P52>=AA$7, $P52<=AA$8),$Q52>=AA$8)), AND($P52>=AA$7, $Q52<=AA$8), AND($P52<=AA$7,$Q52>=AA$8)),1,0) -> 0 | AB52: =IF(OR((AND($P52<=AB$7,AND($Q52<=AB$8, $Q52>=AB$7))),(AND(AND($P52>=AB$7, $P52<=AB$8),$Q52>=AB$8)), AND($P52>=AB$7, $Q52<=AB$8), AND($P52<=AB$7,$Q52>=AB$8)),1,0) -> 0 | AC52: =IF(OR((AND($P52<=AC$7,AND($Q52<=AC$8, $Q52>=AC$7))),(AND(AND($P52>=AC$7, $P52<=AC$8),$Q52>=AC$8)), AND($P52>=AC$7, $Q52<=AC$8), AND($P52<=AC$7,$Q52>=AC$8)),1,0) -> 0 | AD52: =IF(OR((AND($P52<=AD$7,AND($Q52<=AD$8, $Q52>=AD$7))),(AND(AND($P52>=AD$7, $P52<=AD$8),$Q52>=AD$8)), AND($P52>=AD$7, $Q52<=AD$8), AND($P52<=AD$7,$Q52>=AD$8)),1,0) -> 0 | AE52: =IF(OR((AND($P52<=AE$7,AND($Q52<=AE$8, $Q52>=AE$7))),(AND(AND($P52>=AE$7, $P52<=AE$8),$Q52>=AE$8)), AND($P52>=AE$7, $Q52<=AE$8), AND($P52<=AE$7,$Q52>=AE$8)),1,0) -> 0 | AF52: =IF(OR((AND($P52<=AF$7,AND($Q52<=AF$8, $Q52>=AF$7))),(AND(AND($P52>=AF$7, $P52<=AF$8),$Q52>=AF$8)), AND($P52>=AF$7, $Q52<=AF$8), AND($P52<=AF$7,$Q52>=AF$8)),1,0) -> 0 | AG52: =IF(OR((AND($P52<=AG$7,AND($Q52<=AG$8, $Q52>=AG$7))),(AND(AND($P52>=AG$7, $P52<=AG$8),$Q52>=AG$8)), AND($P52>=AG$7, $Q52<=AG$8), AND($P52<=AG$7,$Q52>=AG$8)),1,0) -> 0 | AH52: =IF(OR((AND($P52<=AH$7,AND($Q52<=AH$8, $Q52>=AH$7))),(AND(AND($P52>=AH$7, $P52<=AH$8),$Q52>=AH$8)), AND($P52>=AH$7, $Q52<=AH$8), AND($P52<=AH$7,$Q52>=AH$8)),1,0) -> 0 | ... CI52: =IF(OR((AND($P52<=CI$7,AND($Q52<=CI$8, $Q52>=CI$7))),(AND(AND($P52>=CI$7, $P52<=CI$8),$Q52>=CI$8)), AND($P52>=CI$7, $Q52<=CI$8), AND($P52<=CI$7,$Q52>=CI$8)),1,0) -> 0
A53: 4.10 | I53: 10 | J53: =IF(CheckDay>=Q53,1,IF(CheckDay<P53, 0,DAYS360(P53,CheckDay+1)/Y53)) -> 1 | K53: 0 | L53: =I53*J53/100 -> 0.1 | M53: =I53*K53/100 -> 0 | N53: =M53-L53 -> -0.1 | O53: =IF(AND(K53=0%,N53=0),"",IF(N53<0,"지연",IF(K53=100%,"종료","진행"))) -> 지연 | X53: =IF(ISBLANK(V53),"",(DAYS360(VLOOKUP(V53,$A$9:$Q$97,15,FALSE),P53)-1)) | Y53: =NETWORKDAYS(P53,Q53,진행현황_전체!C$59:C$77) -> 0 | AA53: =IF(OR((AND($P53<=AA$7,AND($Q53<=AA$8, $Q53>=AA$7))),(AND(AND($P53>=AA$7, $P53<=AA$8),$Q53>=AA$8)), AND($P53>=AA$7, $Q53<=AA$8), AND($P53<=AA$7,$Q53>=AA$8)),1,0) -> 0 | AB53: =IF(OR((AND($P53<=AB$7,AND($Q53<=AB$8, $Q53>=AB$7))),(AND(AND($P53>=AB$7, $P53<=AB$8),$Q53>=AB$8)), AND($P53>=AB$7, $Q53<=AB$8), AND($P53<=AB$7,$Q53>=AB$8)),1,0) -> 0 | AC53: =IF(OR((AND($P53<=AC$7,AND($Q53<=AC$8, $Q53>=AC$7))),(AND(AND($P53>=AC$7, $P53<=AC$8),$Q53>=AC$8)), AND($P53>=AC$7, $Q53<=AC$8), AND($P53<=AC$7,$Q53>=AC$8)),1,0) -> 0 | AD53: =IF(OR((AND($P53<=AD$7,AND($Q53<=AD$8, $Q53>=AD$7))),(AND(AND($P53>=AD$7, $P53<=AD$8),$Q53>=AD$8)), AND($P53>=AD$7, $Q53<=AD$8), AND($P53<=AD$7,$Q53>=AD$8)),1,0) -> 0 | AE53: =IF(OR((AND($P53<=AE$7,AND($Q53<=AE$8, $Q53>=AE$7))),(AND(AND($P53>=AE$7, $P53<=AE$8),$Q53>=AE$8)), AND($P53>=AE$7, $Q53<=AE$8), AND($P53<=AE$7,$Q53>=AE$8)),1,0) -> 0 | AF53: =IF(OR((AND($P53<=AF$7,AND($Q53<=AF$8, $Q53>=AF$7))),(AND(AND($P53>=AF$7, $P53<=AF$8),$Q53>=AF$8)), AND($P53>=AF$7, $Q53<=AF$8), AND($P53<=AF$7,$Q53>=AF$8)),1,0) -> 0 | AG53: =IF(OR((AND($P53<=AG$7,AND($Q53<=AG$8, $Q53>=AG$7))),(AND(AND($P53>=AG$7, $P53<=AG$8),$Q53>=AG$8)), AND($P53>=AG$7, $Q53<=AG$8), AND($P53<=AG$7,$Q53>=AG$8)),1,0) -> 0 | AH53: =IF(OR((AND($P53<=AH$7,AND($Q53<=AH$8, $Q53>=AH$7))),(AND(AND($P53>=AH$7, $P53<=AH$8),$Q53>=AH$8)), AND($P53>=AH$7, $Q53<=AH$8), AND($P53<=AH$7,$Q53>=AH$8)),1,0) -> 0 | ... CI53: =IF(OR((AND($P53<=CI$7,AND($Q53<=CI$8, $Q53>=CI$7))),(AND(AND($P53>=CI$7, $P53<=CI$8),$Q53>=CI$8)), AND($P53>=CI$7, $Q53<=CI$8), AND($P53<=CI$7,$Q53>=CI$8)),1,0) -> 0
A54: 5 | B54: =진행현황_01.범위명!F15 -> 단계5 | H54: =SUM(I55:I64) -> 100 | I54: =진행현황_01.범위명!F16 -> 15 | J54: =SUM(L55:L64) -> 1 | K54: =SUM(M55:M64) -> 0 | L54: =SUM(L55:L64)*I54 -> 15 | M54: =SUM(M55:M64)*I54 -> 0 | N54: =M54-L54 -> -15 | P54: =MIN(P55:P64) -> 0 | Q54: =MAX(Q55:Q64) -> 0 | S54: =MIN(S55:S64) -> 0 | T54: =MAX(T55:T64) -> 0 | X54: =IF(ISBLANK(V54),"",(DAYS360(VLOOKUP(V54,$A$9:$Q$97,15,FALSE),P54)-1)) | Y54: =NETWORKDAYS(P54,Q54,진행현황_전체!C$59:C$77) -> 0
A55: 5.1 | I55: 10 | J55: =IF(CheckDay>=Q55,1,IF(CheckDay<P55, 0,DAYS360(P55,CheckDay+1)/Y55)) -> 1 | K55: 0 | L55: =I55*J55/100 -> 0.1 | M55: =I55*K55/100 -> 0 | N55: =M55-L55 -> -0.1 | O55: =IF(AND(K55=0%,N55=0),"",IF(N55<0,"지연",IF(K55=100%,"종료","진행"))) -> 지연 | X55: =IF(ISBLANK(V55),"",(DAYS360(VLOOKUP(V55,$A$9:$Q$97,15,FALSE),P55)-1)) | Y55: =NETWORKDAYS(P55,Q55,진행현황_전체!C$59:C$77) -> 0 | AA55: =IF(OR((AND($P55<=AA$7,AND($Q55<=AA$8, $Q55>=AA$7))),(AND(AND($P55>=AA$7, $P55<=AA$8),$Q55>=AA$8)), AND($P55>=AA$7, $Q55<=AA$8), AND($P55<=AA$7,$Q55>=AA$8)),1,0) -> 0 | AB55: =IF(OR((AND($P55<=AB$7,AND($Q55<=AB$8, $Q55>=AB$7))),(AND(AND($P55>=AB$7, $P55<=AB$8),$Q55>=AB$8)), AND($P55>=AB$7, $Q55<=AB$8), AND($P55<=AB$7,$Q55>=AB$8)),1,0) -> 0 | AC55: =IF(OR((AND($P55<=AC$7,AND($Q55<=AC$8, $Q55>=AC$7))),(AND(AND($P55>=AC$7, $P55<=AC$8),$Q55>=AC$8)), AND($P55>=AC$7, $Q55<=AC$8), AND($P55<=AC$7,$Q55>=AC$8)),1,0) -> 0 | AD55: =IF(OR((AND($P55<=AD$7,AND($Q55<=AD$8, $Q55>=AD$7))),(AND(AND($P55>=AD$7, $P55<=AD$8),$Q55>=AD$8)), AND($P55>=AD$7, $Q55<=AD$8), AND($P55<=AD$7,$Q55>=AD$8)),1,0) -> 0 | AE55: =IF(OR((AND($P55<=AE$7,AND($Q55<=AE$8, $Q55>=AE$7))),(AND(AND($P55>=AE$7, $P55<=AE$8),$Q55>=AE$8)), AND($P55>=AE$7, $Q55<=AE$8), AND($P55<=AE$7,$Q55>=AE$8)),1,0) -> 0 | AF55: =IF(OR((AND($P55<=AF$7,AND($Q55<=AF$8, $Q55>=AF$7))),(AND(AND($P55>=AF$7, $P55<=AF$8),$Q55>=AF$8)), AND($P55>=AF$7, $Q55<=AF$8), AND($P55<=AF$7,$Q55>=AF$8)),1,0) -> 0 | AG55: =IF(OR((AND($P55<=AG$7,AND($Q55<=AG$8, $Q55>=AG$7))),(AND(AND($P55>=AG$7, $P55<=AG$8),$Q55>=AG$8)), AND($P55>=AG$7, $Q55<=AG$8), AND($P55<=AG$7,$Q55>=AG$8)),1,0) -> 0 | AH55: =IF(OR((AND($P55<=AH$7,AND($Q55<=AH$8, $Q55>=AH$7))),(AND(AND($P55>=AH$7, $P55<=AH$8),$Q55>=AH$8)), AND($P55>=AH$7, $Q55<=AH$8), AND($P55<=AH$7,$Q55>=AH$8)),1,0) -> 0 | ... CI55: =IF(OR((AND($P55<=CI$7,AND($Q55<=CI$8, $Q55>=CI$7))),(AND(AND($P55>=CI$7, $P55<=CI$8),$Q55>=CI$8)), AND($P55>=CI$7, $Q55<=CI$8), AND($P55<=CI$7,$Q55>=CI$8)),1,0) -> 0
A56: 5.2 | I56: 10 | J56: =IF(CheckDay>=Q56,1,IF(CheckDay<P56, 0,DAYS360(P56,CheckDay+1)/Y56)) -> 1 | K56: 0 | L56: =I56*J56/100 -> 0.1 | M56: =I56*K56/100 -> 0 | N56: =M56-L56 -> -0.1 | O56: =IF(AND(K56=0%,N56=0),"",IF(N56<0,"지연",IF(K56=100%,"종료","진행"))) -> 지연 | X56: =IF(ISBLANK(V56),"",(DAYS360(VLOOKUP(V56,$A$9:$Q$97,15,FALSE),P56)-1)) | Y56: =NETWORKDAYS(P56,Q56,진행현황_전체!C$59:C$77) -> 0 | AA56: =IF(OR((AND($P56<=AA$7,AND($Q56<=AA$8, $Q56>=AA$7))),(AND(AND($P56>=AA$7, $P56<=AA$8),$Q56>=AA$8)), AND($P56>=AA$7, $Q56<=AA$8), AND($P56<=AA$7,$Q56>=AA$8)),1,0) -> 0 | AB56: =IF(OR((AND($P56<=AB$7,AND($Q56<=AB$8, $Q56>=AB$7))),(AND(AND($P56>=AB$7, $P56<=AB$8),$Q56>=AB$8)), AND($P56>=AB$7, $Q56<=AB$8), AND($P56<=AB$7,$Q56>=AB$8)),1,0) -> 0 | AC56: =IF(OR((AND($P56<=AC$7,AND($Q56<=AC$8, $Q56>=AC$7))),(AND(AND($P56>=AC$7, $P56<=AC$8),$Q56>=AC$8)), AND($P56>=AC$7, $Q56<=AC$8), AND($P56<=AC$7,$Q56>=AC$8)),1,0) -> 0 | AD56: =IF(OR((AND($P56<=AD$7,AND($Q56<=AD$8, $Q56>=AD$7))),(AND(AND($P56>=AD$7, $P56<=AD$8),$Q56>=AD$8)), AND($P56>=AD$7, $Q56<=AD$8), AND($P56<=AD$7,$Q56>=AD$8)),1,0) -> 0 | AE56: =IF(OR((AND($P56<=AE$7,AND($Q56<=AE$8, $Q56>=AE$7))),(AND(AND($P56>=AE$7, $P56<=AE$8),$Q56>=AE$8)), AND($P56>=AE$7, $Q56<=AE$8), AND($P56<=AE$7,$Q56>=AE$8)),1,0) -> 0 | AF56: =IF(OR((AND($P56<=AF$7,AND($Q56<=AF$8, $Q56>=AF$7))),(AND(AND($P56>=AF$7, $P56<=AF$8),$Q56>=AF$8)), AND($P56>=AF$7, $Q56<=AF$8), AND($P56<=AF$7,$Q56>=AF$8)),1,0) -> 0 | AG56: =IF(OR((AND($P56<=AG$7,AND($Q56<=AG$8, $Q56>=AG$7))),(AND(AND($P56>=AG$7, $P56<=AG$8),$Q56>=AG$8)), AND($P56>=AG$7, $Q56<=AG$8), AND($P56<=AG$7,$Q56>=AG$8)),1,0) -> 0 | AH56: =IF(OR((AND($P56<=AH$7,AND($Q56<=AH$8, $Q56>=AH$7))),(AND(AND($P56>=AH$7, $P56<=AH$8),$Q56>=AH$8)), AND($P56>=AH$7, $Q56<=AH$8), AND($P56<=AH$7,$Q56>=AH$8)),1,0) -> 0 | ... CI56: =IF(OR((AND($P56<=CI$7,AND($Q56<=CI$8, $Q56>=CI$7))),(AND(AND($P56>=CI$7, $P56<=CI$8),$Q56>=CI$8)), AND($P56>=CI$7, $Q56<=CI$8), AND($P56<=CI$7,$Q56>=CI$8)),1,0) -> 0
A57: 5.3 | I57: 10 | J57: =IF(CheckDay>=Q57,1,IF(CheckDay<P57, 0,DAYS360(P57,CheckDay+1)/Y57)) -> 1 | K57: 0 | L57: =I57*J57/100 -> 0.1 | M57: =I57*K57/100 -> 0 | N57: =M57-L57 -> -0.1 | O57: =IF(AND(K57=0%,N57=0),"",IF(N57<0,"지연",IF(K57=100%,"종료","진행"))) -> 지연 | X57: =IF(ISBLANK(V57),"",(DAYS360(VLOOKUP(V57,$A$9:$Q$97,15,FALSE),P57)-1)) | Y57: =NETWORKDAYS(P57,Q57,진행현황_전체!C$59:C$77) -> 0 | AA57: =IF(OR((AND($P57<=AA$7,AND($Q57<=AA$8, $Q57>=AA$7))),(AND(AND($P57>=AA$7, $P57<=AA$8),$Q57>=AA$8)), AND($P57>=AA$7, $Q57<=AA$8), AND($P57<=AA$7,$Q57>=AA$8)),1,0) -> 0 | AB57: =IF(OR((AND($P57<=AB$7,AND($Q57<=AB$8, $Q57>=AB$7))),(AND(AND($P57>=AB$7, $P57<=AB$8),$Q57>=AB$8)), AND($P57>=AB$7, $Q57<=AB$8), AND($P57<=AB$7,$Q57>=AB$8)),1,0) -> 0 | AC57: =IF(OR((AND($P57<=AC$7,AND($Q57<=AC$8, $Q57>=AC$7))),(AND(AND($P57>=AC$7, $P57<=AC$8),$Q57>=AC$8)), AND($P57>=AC$7, $Q57<=AC$8), AND($P57<=AC$7,$Q57>=AC$8)),1,0) -> 0 | AD57: =IF(OR((AND($P57<=AD$7,AND($Q57<=AD$8, $Q57>=AD$7))),(AND(AND($P57>=AD$7, $P57<=AD$8),$Q57>=AD$8)), AND($P57>=AD$7, $Q57<=AD$8), AND($P57<=AD$7,$Q57>=AD$8)),1,0) -> 0 | AE57: =IF(OR((AND($P57<=AE$7,AND($Q57<=AE$8, $Q57>=AE$7))),(AND(AND($P57>=AE$7, $P57<=AE$8),$Q57>=AE$8)), AND($P57>=AE$7, $Q57<=AE$8), AND($P57<=AE$7,$Q57>=AE$8)),1,0) -> 0 | AF57: =IF(OR((AND($P57<=AF$7,AND($Q57<=AF$8, $Q57>=AF$7))),(AND(AND($P57>=AF$7, $P57<=AF$8),$Q57>=AF$8)), AND($P57>=AF$7, $Q57<=AF$8), AND($P57<=AF$7,$Q57>=AF$8)),1,0) -> 0 | AG57: =IF(OR((AND($P57<=AG$7,AND($Q57<=AG$8, $Q57>=AG$7))),(AND(AND($P57>=AG$7, $P57<=AG$8),$Q57>=AG$8)), AND($P57>=AG$7, $Q57<=AG$8), AND($P57<=AG$7,$Q57>=AG$8)),1,0) -> 0 | AH57: =IF(OR((AND($P57<=AH$7,AND($Q57<=AH$8, $Q57>=AH$7))),(AND(AND($P57>=AH$7, $P57<=AH$8),$Q57>=AH$8)), AND($P57>=AH$7, $Q57<=AH$8), AND($P57<=AH$7,$Q57>=AH$8)),1,0) -> 0 | ... CI57: =IF(OR((AND($P57<=CI$7,AND($Q57<=CI$8, $Q57>=CI$7))),(AND(AND($P57>=CI$7, $P57<=CI$8),$Q57>=CI$8)), AND($P57>=CI$7, $Q57<=CI$8), AND($P57<=CI$7,$Q57>=CI$8)),1,0) -> 0
A58: 5.4 | I58: 10 | J58: =IF(CheckDay>=Q58,1,IF(CheckDay<P58, 0,DAYS360(P58,CheckDay+1)/Y58)) -> 1 | K58: 0 | L58: =I58*J58/100 -> 0.1 | M58: =I58*K58/100 -> 0 | N58: =M58-L58 -> -0.1 | O58: =IF(AND(K58=0%,N58=0),"",IF(N58<0,"지연",IF(K58=100%,"종료","진행"))) -> 지연 | X58: =IF(ISBLANK(V58),"",(DAYS360(VLOOKUP(V58,$A$9:$Q$97,15,FALSE),P58)-1)) | Y58: =NETWORKDAYS(P58,Q58,진행현황_전체!C$59:C$77) -> 0 | AA58: =IF(OR((AND($P58<=AA$7,AND($Q58<=AA$8, $Q58>=AA$7))),(AND(AND($P58>=AA$7, $P58<=AA$8),$Q58>=AA$8)), AND($P58>=AA$7, $Q58<=AA$8), AND($P58<=AA$7,$Q58>=AA$8)),1,0) -> 0 | AB58: =IF(OR((AND($P58<=AB$7,AND($Q58<=AB$8, $Q58>=AB$7))),(AND(AND($P58>=AB$7, $P58<=AB$8),$Q58>=AB$8)), AND($P58>=AB$7, $Q58<=AB$8), AND($P58<=AB$7,$Q58>=AB$8)),1,0) -> 0 | AC58: =IF(OR((AND($P58<=AC$7,AND($Q58<=AC$8, $Q58>=AC$7))),(AND(AND($P58>=AC$7, $P58<=AC$8),$Q58>=AC$8)), AND($P58>=AC$7, $Q58<=AC$8), AND($P58<=AC$7,$Q58>=AC$8)),1,0) -> 0 | AD58: =IF(OR((AND($P58<=AD$7,AND($Q58<=AD$8, $Q58>=AD$7))),(AND(AND($P58>=AD$7, $P58<=AD$8),$Q58>=AD$8)), AND($P58>=AD$7, $Q58<=AD$8), AND($P58<=AD$7,$Q58>=AD$8)),1,0) -> 0 | AE58: =IF(OR((AND($P58<=AE$7,AND($Q58<=AE$8, $Q58>=AE$7))),(AND(AND($P58>=AE$7, $P58<=AE$8),$Q58>=AE$8)), AND($P58>=AE$7, $Q58<=AE$8), AND($P58<=AE$7,$Q58>=AE$8)),1,0) -> 0 | AF58: =IF(OR((AND($P58<=AF$7,AND($Q58<=AF$8, $Q58>=AF$7))),(AND(AND($P58>=AF$7, $P58<=AF$8),$Q58>=AF$8)), AND($P58>=AF$7, $Q58<=AF$8), AND($P58<=AF$7,$Q58>=AF$8)),1,0) -> 0 | AG58: =IF(OR((AND($P58<=AG$7,AND($Q58<=AG$8, $Q58>=AG$7))),(AND(AND($P58>=AG$7, $P58<=AG$8),$Q58>=AG$8)), AND($P58>=AG$7, $Q58<=AG$8), AND($P58<=AG$7,$Q58>=AG$8)),1,0) -> 0 | AH58: =IF(OR((AND($P58<=AH$7,AND($Q58<=AH$8, $Q58>=AH$7))),(AND(AND($P58>=AH$7, $P58<=AH$8),$Q58>=AH$8)), AND($P58>=AH$7, $Q58<=AH$8), AND($P58<=AH$7,$Q58>=AH$8)),1,0) -> 0 | ... CI58: =IF(OR((AND($P58<=CI$7,AND($Q58<=CI$8, $Q58>=CI$7))),(AND(AND($P58>=CI$7, $P58<=CI$8),$Q58>=CI$8)), AND($P58>=CI$7, $Q58<=CI$8), AND($P58<=CI$7,$Q58>=CI$8)),1,0) -> 0
A59: 5.5 | I59: 10 | J59: =IF(CheckDay>=Q59,1,IF(CheckDay<P59, 0,DAYS360(P59,CheckDay+1)/Y59)) -> 1 | K59: 0 | L59: =I59*J59/100 -> 0.1 | M59: =I59*K59/100 -> 0 | N59: =M59-L59 -> -0.1 | O59: =IF(AND(K59=0%,N59=0),"",IF(N59<0,"지연",IF(K59=100%,"종료","진행"))) -> 지연 | X59: =IF(ISBLANK(V59),"",(DAYS360(VLOOKUP(V59,$A$9:$Q$97,15,FALSE),P59)-1)) | Y59: =NETWORKDAYS(P59,Q59,진행현황_전체!C$59:C$77) -> 0 | AA59: =IF(OR((AND($P59<=AA$7,AND($Q59<=AA$8, $Q59>=AA$7))),(AND(AND($P59>=AA$7, $P59<=AA$8),$Q59>=AA$8)), AND($P59>=AA$7, $Q59<=AA$8), AND($P59<=AA$7,$Q59>=AA$8)),1,0) -> 0 | AB59: =IF(OR((AND($P59<=AB$7,AND($Q59<=AB$8, $Q59>=AB$7))),(AND(AND($P59>=AB$7, $P59<=AB$8),$Q59>=AB$8)), AND($P59>=AB$7, $Q59<=AB$8), AND($P59<=AB$7,$Q59>=AB$8)),1,0) -> 0 | AC59: =IF(OR((AND($P59<=AC$7,AND($Q59<=AC$8, $Q59>=AC$7))),(AND(AND($P59>=AC$7, $P59<=AC$8),$Q59>=AC$8)), AND($P59>=AC$7, $Q59<=AC$8), AND($P59<=AC$7,$Q59>=AC$8)),1,0) -> 0 | AD59: =IF(OR((AND($P59<=AD$7,AND($Q59<=AD$8, $Q59>=AD$7))),(AND(AND($P59>=AD$7, $P59<=AD$8),$Q59>=AD$8)), AND($P59>=AD$7, $Q59<=AD$8), AND($P59<=AD$7,$Q59>=AD$8)),1,0) -> 0 | AE59: =IF(OR((AND($P59<=AE$7,AND($Q59<=AE$8, $Q59>=AE$7))),(AND(AND($P59>=AE$7, $P59<=AE$8),$Q59>=AE$8)), AND($P59>=AE$7, $Q59<=AE$8), AND($P59<=AE$7,$Q59>=AE$8)),1,0) -> 0 | AF59: =IF(OR((AND($P59<=AF$7,AND($Q59<=AF$8, $Q59>=AF$7))),(AND(AND($P59>=AF$7, $P59<=AF$8),$Q59>=AF$8)), AND($P59>=AF$7, $Q59<=AF$8), AND($P59<=AF$7,$Q59>=AF$8)),1,0) -> 0 | AG59: =IF(OR((AND($P59<=AG$7,AND($Q59<=AG$8, $Q59>=AG$7))),(AND(AND($P59>=AG$7, $P59<=AG$8),$Q59>=AG$8)), AND($P59>=AG$7, $Q59<=AG$8), AND($P59<=AG$7,$Q59>=AG$8)),1,0) -> 0 | AH59: =IF(OR((AND($P59<=AH$7,AND($Q59<=AH$8, $Q59>=AH$7))),(AND(AND($P59>=AH$7, $P59<=AH$8),$Q59>=AH$8)), AND($P59>=AH$7, $Q59<=AH$8), AND($P59<=AH$7,$Q59>=AH$8)),1,0) -> 0 | ... CI59: =IF(OR((AND($P59<=CI$7,AND($Q59<=CI$8, $Q59>=CI$7))),(AND(AND($P59>=CI$7, $P59<=CI$8),$Q59>=CI$8)), AND($P59>=CI$7, $Q59<=CI$8), AND($P59<=CI$7,$Q59>=CI$8)),1,0) -> 0
A60: 5.6 | I60: 10 | J60: =IF(CheckDay>=Q60,1,IF(CheckDay<P60, 0,DAYS360(P60,CheckDay+1)/Y60)) -> 1 | K60: 0 | L60: =I60*J60/100 -> 0.1 | M60: =I60*K60/100 -> 0 | N60: =M60-L60 -> -0.1 | O60: =IF(AND(K60=0%,N60=0),"",IF(N60<0,"지연",IF(K60=100%,"종료","진행"))) -> 지연 | X60: =IF(ISBLANK(V60),"",(DAYS360(VLOOKUP(V60,$A$9:$Q$97,15,FALSE),P60)-1)) | Y60: =NETWORKDAYS(P60,Q60,진행현황_전체!C$59:C$77) -> 0 | AA60: =IF(OR((AND($P60<=AA$7,AND($Q60<=AA$8, $Q60>=AA$7))),(AND(AND($P60>=AA$7, $P60<=AA$8),$Q60>=AA$8)), AND($P60>=AA$7, $Q60<=AA$8), AND($P60<=AA$7,$Q60>=AA$8)),1,0) -> 0 | AB60: =IF(OR((AND($P60<=AB$7,AND($Q60<=AB$8, $Q60>=AB$7))),(AND(AND($P60>=AB$7, $P60<=AB$8),$Q60>=AB$8)), AND($P60>=AB$7, $Q60<=AB$8), AND($P60<=AB$7,$Q60>=AB$8)),1,0) -> 0 | AC60: =IF(OR((AND($P60<=AC$7,AND($Q60<=AC$8, $Q60>=AC$7))),(AND(AND($P60>=AC$7, $P60<=AC$8),$Q60>=AC$8)), AND($P60>=AC$7, $Q60<=AC$8), AND($P60<=AC$7,$Q60>=AC$8)),1,0) -> 0 | AD60: =IF(OR((AND($P60<=AD$7,AND($Q60<=AD$8, $Q60>=AD$7))),(AND(AND($P60>=AD$7, $P60<=AD$8),$Q60>=AD$8)), AND($P60>=AD$7, $Q60<=AD$8), AND($P60<=AD$7,$Q60>=AD$8)),1,0) -> 0 | AE60: =IF(OR((AND($P60<=AE$7,AND($Q60<=AE$8, $Q60>=AE$7))),(AND(AND($P60>=AE$7, $P60<=AE$8),$Q60>=AE$8)), AND($P60>=AE$7, $Q60<=AE$8), AND($P60<=AE$7,$Q60>=AE$8)),1,0) -> 0 | AF60: =IF(OR((AND($P60<=AF$7,AND($Q60<=AF$8, $Q60>=AF$7))),(AND(AND($P60>=AF$7, $P60<=AF$8),$Q60>=AF$8)), AND($P60>=AF$7, $Q60<=AF$8), AND($P60<=AF$7,$Q60>=AF$8)),1,0) -> 0 | AG60: =IF(OR((AND($P60<=AG$7,AND($Q60<=AG$8, $Q60>=AG$7))),(AND(AND($P60>=AG$7, $P60<=AG$8),$Q60>=AG$8)), AND($P60>=AG$7, $Q60<=AG$8), AND($P60<=AG$7,$Q60>=AG$8)),1,0) -> 0 | AH60: =IF(OR((AND($P60<=AH$7,AND($Q60<=AH$8, $Q60>=AH$7))),(AND(AND($P60>=AH$7, $P60<=AH$8),$Q60>=AH$8)), AND($P60>=AH$7, $Q60<=AH$8), AND($P60<=AH$7,$Q60>=AH$8)),1,0) -> 0 | ... CI60: =IF(OR((AND($P60<=CI$7,AND($Q60<=CI$8, $Q60>=CI$7))),(AND(AND($P60>=CI$7, $P60<=CI$8),$Q60>=CI$8)), AND($P60>=CI$7, $Q60<=CI$8), AND($P60<=CI$7,$Q60>=CI$8)),1,0) -> 0
A61: 5.7 | I61: 10 | J61: =IF(CheckDay>=Q61,1,IF(CheckDay<P61, 0,DAYS360(P61,CheckDay+1)/Y61)) -> 1 | K61: 0 | L61: =I61*J61/100 -> 0.1 | M61: =I61*K61/100 -> 0 | N61: =M61-L61 -> -0.1 | O61: =IF(AND(K61=0%,N61=0),"",IF(N61<0,"지연",IF(K61=100%,"종료","진행"))) -> 지연 | X61: =IF(ISBLANK(V61),"",(DAYS360(VLOOKUP(V61,$A$9:$Q$97,15,FALSE),P61)-1)) | Y61: =NETWORKDAYS(P61,Q61,진행현황_전체!C$59:C$77) -> 0 | AA61: =IF(OR((AND($P61<=AA$7,AND($Q61<=AA$8, $Q61>=AA$7))),(AND(AND($P61>=AA$7, $P61<=AA$8),$Q61>=AA$8)), AND($P61>=AA$7, $Q61<=AA$8), AND($P61<=AA$7,$Q61>=AA$8)),1,0) -> 0 | AB61: =IF(OR((AND($P61<=AB$7,AND($Q61<=AB$8, $Q61>=AB$7))),(AND(AND($P61>=AB$7, $P61<=AB$8),$Q61>=AB$8)), AND($P61>=AB$7, $Q61<=AB$8), AND($P61<=AB$7,$Q61>=AB$8)),1,0) -> 0 | AC61: =IF(OR((AND($P61<=AC$7,AND($Q61<=AC$8, $Q61>=AC$7))),(AND(AND($P61>=AC$7, $P61<=AC$8),$Q61>=AC$8)), AND($P61>=AC$7, $Q61<=AC$8), AND($P61<=AC$7,$Q61>=AC$8)),1,0) -> 0 | AD61: =IF(OR((AND($P61<=AD$7,AND($Q61<=AD$8, $Q61>=AD$7))),(AND(AND($P61>=AD$7, $P61<=AD$8),$Q61>=AD$8)), AND($P61>=AD$7, $Q61<=AD$8), AND($P61<=AD$7,$Q61>=AD$8)),1,0) -> 0 | AE61: =IF(OR((AND($P61<=AE$7,AND($Q61<=AE$8, $Q61>=AE$7))),(AND(AND($P61>=AE$7, $P61<=AE$8),$Q61>=AE$8)), AND($P61>=AE$7, $Q61<=AE$8), AND($P61<=AE$7,$Q61>=AE$8)),1,0) -> 0 | AF61: =IF(OR((AND($P61<=AF$7,AND($Q61<=AF$8, $Q61>=AF$7))),(AND(AND($P61>=AF$7, $P61<=AF$8),$Q61>=AF$8)), AND($P61>=AF$7, $Q61<=AF$8), AND($P61<=AF$7,$Q61>=AF$8)),1,0) -> 0 | AG61: =IF(OR((AND($P61<=AG$7,AND($Q61<=AG$8, $Q61>=AG$7))),(AND(AND($P61>=AG$7, $P61<=AG$8),$Q61>=AG$8)), AND($P61>=AG$7, $Q61<=AG$8), AND($P61<=AG$7,$Q61>=AG$8)),1,0) -> 0 | AH61: =IF(OR((AND($P61<=AH$7,AND($Q61<=AH$8, $Q61>=AH$7))),(AND(AND($P61>=AH$7, $P61<=AH$8),$Q61>=AH$8)), AND($P61>=AH$7, $Q61<=AH$8), AND($P61<=AH$7,$Q61>=AH$8)),1,0) -> 0 | ... CI61: =IF(OR((AND($P61<=CI$7,AND($Q61<=CI$8, $Q61>=CI$7))),(AND(AND($P61>=CI$7, $P61<=CI$8),$Q61>=CI$8)), AND($P61>=CI$7, $Q61<=CI$8), AND($P61<=CI$7,$Q61>=CI$8)),1,0) -> 0
A62: 5.8 | I62: 10 | J62: =IF(CheckDay>=Q62,1,IF(CheckDay<P62, 0,DAYS360(P62,CheckDay+1)/Y62)) -> 1 | K62: 0 | L62: =I62*J62/100 -> 0.1 | M62: =I62*K62/100 -> 0 | N62: =M62-L62 -> -0.1 | O62: =IF(AND(K62=0%,N62=0),"",IF(N62<0,"지연",IF(K62=100%,"종료","진행"))) -> 지연 | X62: =IF(ISBLANK(V62),"",(DAYS360(VLOOKUP(V62,$A$9:$Q$97,15,FALSE),P62)-1)) | Y62: =NETWORKDAYS(P62,Q62,진행현황_전체!C$59:C$77) -> 0 | AA62: =IF(OR((AND($P62<=AA$7,AND($Q62<=AA$8, $Q62>=AA$7))),(AND(AND($P62>=AA$7, $P62<=AA$8),$Q62>=AA$8)), AND($P62>=AA$7, $Q62<=AA$8), AND($P62<=AA$7,$Q62>=AA$8)),1,0) -> 0 | AB62: =IF(OR((AND($P62<=AB$7,AND($Q62<=AB$8, $Q62>=AB$7))),(AND(AND($P62>=AB$7, $P62<=AB$8),$Q62>=AB$8)), AND($P62>=AB$7, $Q62<=AB$8), AND($P62<=AB$7,$Q62>=AB$8)),1,0) -> 0 | AC62: =IF(OR((AND($P62<=AC$7,AND($Q62<=AC$8, $Q62>=AC$7))),(AND(AND($P62>=AC$7, $P62<=AC$8),$Q62>=AC$8)), AND($P62>=AC$7, $Q62<=AC$8), AND($P62<=AC$7,$Q62>=AC$8)),1,0) -> 0 | AD62: =IF(OR((AND($P62<=AD$7,AND($Q62<=AD$8, $Q62>=AD$7))),(AND(AND($P62>=AD$7, $P62<=AD$8),$Q62>=AD$8)), AND($P62>=AD$7, $Q62<=AD$8), AND($P62<=AD$7,$Q62>=AD$8)),1,0) -> 0 | AE62: =IF(OR((AND($P62<=AE$7,AND($Q62<=AE$8, $Q62>=AE$7))),(AND(AND($P62>=AE$7, $P62<=AE$8),$Q62>=AE$8)), AND($P62>=AE$7, $Q62<=AE$8), AND($P62<=AE$7,$Q62>=AE$8)),1,0) -> 0 | AF62: =IF(OR((AND($P62<=AF$7,AND($Q62<=AF$8, $Q62>=AF$7))),(AND(AND($P62>=AF$7, $P62<=AF$8),$Q62>=AF$8)), AND($P62>=AF$7, $Q62<=AF$8), AND($P62<=AF$7,$Q62>=AF$8)),1,0) -> 0 | AG62: =IF(OR((AND($P62<=AG$7,AND($Q62<=AG$8, $Q62>=AG$7))),(AND(AND($P62>=AG$7, $P62<=AG$8),$Q62>=AG$8)), AND($P62>=AG$7, $Q62<=AG$8), AND($P62<=AG$7,$Q62>=AG$8)),1,0) -> 0 | AH62: =IF(OR((AND($P62<=AH$7,AND($Q62<=AH$8, $Q62>=AH$7))),(AND(AND($P62>=AH$7, $P62<=AH$8),$Q62>=AH$8)), AND($P62>=AH$7, $Q62<=AH$8), AND($P62<=AH$7,$Q62>=AH$8)),1,0) -> 0 | ... CI62: =IF(OR((AND($P62<=CI$7,AND($Q62<=CI$8, $Q62>=CI$7))),(AND(AND($P62>=CI$7, $P62<=CI$8),$Q62>=CI$8)), AND($P62>=CI$7, $Q62<=CI$8), AND($P62<=CI$7,$Q62>=CI$8)),1,0) -> 0
A63: 5.9 | I63: 10 | J63: =IF(CheckDay>=Q63,1,IF(CheckDay<P63, 0,DAYS360(P63,CheckDay+1)/Y63)) -> 1 | K63: 0 | L63: =I63*J63/100 -> 0.1 | M63: =I63*K63/100 -> 0 | N63: =M63-L63 -> -0.1 | O63: =IF(AND(K63=0%,N63=0),"",IF(N63<0,"지연",IF(K63=100%,"종료","진행"))) -> 지연 | X63: =IF(ISBLANK(V63),"",(DAYS360(VLOOKUP(V63,$A$9:$Q$97,15,FALSE),P63)-1)) | Y63: =NETWORKDAYS(P63,Q63,진행현황_전체!C$59:C$77) -> 0 | AA63: =IF(OR((AND($P63<=AA$7,AND($Q63<=AA$8, $Q63>=AA$7))),(AND(AND($P63>=AA$7, $P63<=AA$8),$Q63>=AA$8)), AND($P63>=AA$7, $Q63<=AA$8), AND($P63<=AA$7,$Q63>=AA$8)),1,0) -> 0 | AB63: =IF(OR((AND($P63<=AB$7,AND($Q63<=AB$8, $Q63>=AB$7))),(AND(AND($P63>=AB$7, $P63<=AB$8),$Q63>=AB$8)), AND($P63>=AB$7, $Q63<=AB$8), AND($P63<=AB$7,$Q63>=AB$8)),1,0) -> 0 | AC63: =IF(OR((AND($P63<=AC$7,AND($Q63<=AC$8, $Q63>=AC$7))),(AND(AND($P63>=AC$7, $P63<=AC$8),$Q63>=AC$8)), AND($P63>=AC$7, $Q63<=AC$8), AND($P63<=AC$7,$Q63>=AC$8)),1,0) -> 0 | AD63: =IF(OR((AND($P63<=AD$7,AND($Q63<=AD$8, $Q63>=AD$7))),(AND(AND($P63>=AD$7, $P63<=AD$8),$Q63>=AD$8)), AND($P63>=AD$7, $Q63<=AD$8), AND($P63<=AD$7,$Q63>=AD$8)),1,0) -> 0 | AE63: =IF(OR((AND($P63<=AE$7,AND($Q63<=AE$8, $Q63>=AE$7))),(AND(AND($P63>=AE$7, $P63<=AE$8),$Q63>=AE$8)), AND($P63>=AE$7, $Q63<=AE$8), AND($P63<=AE$7,$Q63>=AE$8)),1,0) -> 0 | AF63: =IF(OR((AND($P63<=AF$7,AND($Q63<=AF$8, $Q63>=AF$7))),(AND(AND($P63>=AF$7, $P63<=AF$8),$Q63>=AF$8)), AND($P63>=AF$7, $Q63<=AF$8), AND($P63<=AF$7,$Q63>=AF$8)),1,0) -> 0 | AG63: =IF(OR((AND($P63<=AG$7,AND($Q63<=AG$8, $Q63>=AG$7))),(AND(AND($P63>=AG$7, $P63<=AG$8),$Q63>=AG$8)), AND($P63>=AG$7, $Q63<=AG$8), AND($P63<=AG$7,$Q63>=AG$8)),1,0) -> 0 | AH63: =IF(OR((AND($P63<=AH$7,AND($Q63<=AH$8, $Q63>=AH$7))),(AND(AND($P63>=AH$7, $P63<=AH$8),$Q63>=AH$8)), AND($P63>=AH$7, $Q63<=AH$8), AND($P63<=AH$7,$Q63>=AH$8)),1,0) -> 0 | ... CI63: =IF(OR((AND($P63<=CI$7,AND($Q63<=CI$8, $Q63>=CI$7))),(AND(AND($P63>=CI$7, $P63<=CI$8),$Q63>=CI$8)), AND($P63>=CI$7, $Q63<=CI$8), AND($P63<=CI$7,$Q63>=CI$8)),1,0) -> 0
A64: 5.10 | I64: 10 | J64: =IF(CheckDay>=Q64,1,IF(CheckDay<P64, 0,DAYS360(P64,CheckDay+1)/Y64)) -> 1 | K64: 0 | L64: =I64*J64/100 -> 0.1 | M64: =I64*K64/100 -> 0 | N64: =M64-L64 -> -0.1 | O64: =IF(AND(K64=0%,N64=0),"",IF(N64<0,"지연",IF(K64=100%,"종료","진행"))) -> 지연 | X64: =IF(ISBLANK(V64),"",(DAYS360(VLOOKUP(V64,$A$9:$Q$97,15,FALSE),P64)-1)) | Y64: =NETWORKDAYS(P64,Q64,진행현황_전체!C$59:C$77) -> 0 | AA64: =IF(OR((AND($P64<=AA$7,AND($Q64<=AA$8, $Q64>=AA$7))),(AND(AND($P64>=AA$7, $P64<=AA$8),$Q64>=AA$8)), AND($P64>=AA$7, $Q64<=AA$8), AND($P64<=AA$7,$Q64>=AA$8)),1,0) -> 0 | AB64: =IF(OR((AND($P64<=AB$7,AND($Q64<=AB$8, $Q64>=AB$7))),(AND(AND($P64>=AB$7, $P64<=AB$8),$Q64>=AB$8)), AND($P64>=AB$7, $Q64<=AB$8), AND($P64<=AB$7,$Q64>=AB$8)),1,0) -> 0 | AC64: =IF(OR((AND($P64<=AC$7,AND($Q64<=AC$8, $Q64>=AC$7))),(AND(AND($P64>=AC$7, $P64<=AC$8),$Q64>=AC$8)), AND($P64>=AC$7, $Q64<=AC$8), AND($P64<=AC$7,$Q64>=AC$8)),1,0) -> 0 | AD64: =IF(OR((AND($P64<=AD$7,AND($Q64<=AD$8, $Q64>=AD$7))),(AND(AND($P64>=AD$7, $P64<=AD$8),$Q64>=AD$8)), AND($P64>=AD$7, $Q64<=AD$8), AND($P64<=AD$7,$Q64>=AD$8)),1,0) -> 0 | AE64: =IF(OR((AND($P64<=AE$7,AND($Q64<=AE$8, $Q64>=AE$7))),(AND(AND($P64>=AE$7, $P64<=AE$8),$Q64>=AE$8)), AND($P64>=AE$7, $Q64<=AE$8), AND($P64<=AE$7,$Q64>=AE$8)),1,0) -> 0 | AF64: =IF(OR((AND($P64<=AF$7,AND($Q64<=AF$8, $Q64>=AF$7))),(AND(AND($P64>=AF$7, $P64<=AF$8),$Q64>=AF$8)), AND($P64>=AF$7, $Q64<=AF$8), AND($P64<=AF$7,$Q64>=AF$8)),1,0) -> 0 | AG64: =IF(OR((AND($P64<=AG$7,AND($Q64<=AG$8, $Q64>=AG$7))),(AND(AND($P64>=AG$7, $P64<=AG$8),$Q64>=AG$8)), AND($P64>=AG$7, $Q64<=AG$8), AND($P64<=AG$7,$Q64>=AG$8)),1,0) -> 0 | AH64: =IF(OR((AND($P64<=AH$7,AND($Q64<=AH$8, $Q64>=AH$7))),(AND(AND($P64>=AH$7, $P64<=AH$8),$Q64>=AH$8)), AND($P64>=AH$7, $Q64<=AH$8), AND($P64<=AH$7,$Q64>=AH$8)),1,0) -> 0 | ... CI64: =IF(OR((AND($P64<=CI$7,AND($Q64<=CI$8, $Q64>=CI$7))),(AND(AND($P64>=CI$7, $P64<=CI$8),$Q64>=CI$8)), AND($P64>=CI$7, $Q64<=CI$8), AND($P64<=CI$7,$Q64>=CI$8)),1,0) -> 0
A65: 6 | B65: =진행현황_01.범위명!G15 -> 단계6 | H65: =SUM(I66:I75) -> 100 | I65: =진행현황_01.범위명!G16 -> 5 | J65: =SUM(L66:L75) -> 1 | K65: =SUM(M66:M75) -> 0 | L65: =SUM(L66:L75)*I65 -> 5 | M65: =SUM(M66:M75)*I65 -> 0 | N65: =M65-L65 -> -5 | P65: =MIN(P66:P75) -> 0 | Q65: =MAX(Q66:Q75) -> 0 | S65: =MIN(S66:S75) -> 0 | T65: =MAX(T66:T75) -> 0 | X65: =IF(ISBLANK(V65),"",(DAYS360(VLOOKUP(V65,$A$9:$Q$97,15,FALSE),P65)-1)) | Y65: =NETWORKDAYS(P65,Q65,진행현황_전체!C$59:C$77) -> 0
A66: 6.1 | I66: 10 | J66: =IF(CheckDay>=Q66,1,IF(CheckDay<P66, 0,DAYS360(P66,CheckDay+1)/Y66)) -> 1 | K66: 0 | L66: =I66*J66/100 -> 0.1 | M66: =I66*K66/100 -> 0 | N66: =M66-L66 -> -0.1 | O66: =IF(AND(K66=0%,N66=0),"",IF(N66<0,"지연",IF(K66=100%,"종료","진행"))) -> 지연 | X66: =IF(ISBLANK(V66),"",(DAYS360(VLOOKUP(V66,$A$9:$Q$97,15,FALSE),P66)-1)) | Y66: =NETWORKDAYS(P66,Q66,진행현황_전체!C$59:C$77) -> 0 | AA66: =IF(OR((AND($P66<=AA$7,AND($Q66<=AA$8, $Q66>=AA$7))),(AND(AND($P66>=AA$7, $P66<=AA$8),$Q66>=AA$8)), AND($P66>=AA$7, $Q66<=AA$8), AND($P66<=AA$7,$Q66>=AA$8)),1,0) -> 0 | AB66: =IF(OR((AND($P66<=AB$7,AND($Q66<=AB$8, $Q66>=AB$7))),(AND(AND($P66>=AB$7, $P66<=AB$8),$Q66>=AB$8)), AND($P66>=AB$7, $Q66<=AB$8), AND($P66<=AB$7,$Q66>=AB$8)),1,0) -> 0 | AC66: =IF(OR((AND($P66<=AC$7,AND($Q66<=AC$8, $Q66>=AC$7))),(AND(AND($P66>=AC$7, $P66<=AC$8),$Q66>=AC$8)), AND($P66>=AC$7, $Q66<=AC$8), AND($P66<=AC$7,$Q66>=AC$8)),1,0) -> 0 | AD66: =IF(OR((AND($P66<=AD$7,AND($Q66<=AD$8, $Q66>=AD$7))),(AND(AND($P66>=AD$7, $P66<=AD$8),$Q66>=AD$8)), AND($P66>=AD$7, $Q66<=AD$8), AND($P66<=AD$7,$Q66>=AD$8)),1,0) -> 0 | AE66: =IF(OR((AND($P66<=AE$7,AND($Q66<=AE$8, $Q66>=AE$7))),(AND(AND($P66>=AE$7, $P66<=AE$8),$Q66>=AE$8)), AND($P66>=AE$7, $Q66<=AE$8), AND($P66<=AE$7,$Q66>=AE$8)),1,0) -> 0 | AF66: =IF(OR((AND($P66<=AF$7,AND($Q66<=AF$8, $Q66>=AF$7))),(AND(AND($P66>=AF$7, $P66<=AF$8),$Q66>=AF$8)), AND($P66>=AF$7, $Q66<=AF$8), AND($P66<=AF$7,$Q66>=AF$8)),1,0) -> 0 | AG66: =IF(OR((AND($P66<=AG$7,AND($Q66<=AG$8, $Q66>=AG$7))),(AND(AND($P66>=AG$7, $P66<=AG$8),$Q66>=AG$8)), AND($P66>=AG$7, $Q66<=AG$8), AND($P66<=AG$7,$Q66>=AG$8)),1,0) -> 0 | AH66: =IF(OR((AND($P66<=AH$7,AND($Q66<=AH$8, $Q66>=AH$7))),(AND(AND($P66>=AH$7, $P66<=AH$8),$Q66>=AH$8)), AND($P66>=AH$7, $Q66<=AH$8), AND($P66<=AH$7,$Q66>=AH$8)),1,0) -> 0 | ... CI66: =IF(OR((AND($P66<=CI$7,AND($Q66<=CI$8, $Q66>=CI$7))),(AND(AND($P66>=CI$7, $P66<=CI$8),$Q66>=CI$8)), AND($P66>=CI$7, $Q66<=CI$8), AND($P66<=CI$7,$Q66>=CI$8)),1,0) -> 0
A67: 6.2 | I67: 10 | J67: =IF(CheckDay>=Q67,1,IF(CheckDay<P67, 0,DAYS360(P67,CheckDay+1)/Y67)) -> 1 | K67: 0 | L67: =I67*J67/100 -> 0.1 | M67: =I67*K67/100 -> 0 | N67: =M67-L67 -> -0.1 | O67: =IF(AND(K67=0%,N67=0),"",IF(N67<0,"지연",IF(K67=100%,"종료","진행"))) -> 지연 | X67: =IF(ISBLANK(V67),"",(DAYS360(VLOOKUP(V67,$A$9:$Q$97,15,FALSE),P67)-1)) | Y67: =NETWORKDAYS(P67,Q67,진행현황_전체!C$59:C$77) -> 0 | AA67: =IF(OR((AND($P67<=AA$7,AND($Q67<=AA$8, $Q67>=AA$7))),(AND(AND($P67>=AA$7, $P67<=AA$8),$Q67>=AA$8)), AND($P67>=AA$7, $Q67<=AA$8), AND($P67<=AA$7,$Q67>=AA$8)),1,0) -> 0 | AB67: =IF(OR((AND($P67<=AB$7,AND($Q67<=AB$8, $Q67>=AB$7))),(AND(AND($P67>=AB$7, $P67<=AB$8),$Q67>=AB$8)), AND($P67>=AB$7, $Q67<=AB$8), AND($P67<=AB$7,$Q67>=AB$8)),1,0) -> 0 | AC67: =IF(OR((AND($P67<=AC$7,AND($Q67<=AC$8, $Q67>=AC$7))),(AND(AND($P67>=AC$7, $P67<=AC$8),$Q67>=AC$8)), AND($P67>=AC$7, $Q67<=AC$8), AND($P67<=AC$7,$Q67>=AC$8)),1,0) -> 0 | AD67: =IF(OR((AND($P67<=AD$7,AND($Q67<=AD$8, $Q67>=AD$7))),(AND(AND($P67>=AD$7, $P67<=AD$8),$Q67>=AD$8)), AND($P67>=AD$7, $Q67<=AD$8), AND($P67<=AD$7,$Q67>=AD$8)),1,0) -> 0 | AE67: =IF(OR((AND($P67<=AE$7,AND($Q67<=AE$8, $Q67>=AE$7))),(AND(AND($P67>=AE$7, $P67<=AE$8),$Q67>=AE$8)), AND($P67>=AE$7, $Q67<=AE$8), AND($P67<=AE$7,$Q67>=AE$8)),1,0) -> 0 | AF67: =IF(OR((AND($P67<=AF$7,AND($Q67<=AF$8, $Q67>=AF$7))),(AND(AND($P67>=AF$7, $P67<=AF$8),$Q67>=AF$8)), AND($P67>=AF$7, $Q67<=AF$8), AND($P67<=AF$7,$Q67>=AF$8)),1,0) -> 0 | AG67: =IF(OR((AND($P67<=AG$7,AND($Q67<=AG$8, $Q67>=AG$7))),(AND(AND($P67>=AG$7, $P67<=AG$8),$Q67>=AG$8)), AND($P67>=AG$7, $Q67<=AG$8), AND($P67<=AG$7,$Q67>=AG$8)),1,0) -> 0 | AH67: =IF(OR((AND($P67<=AH$7,AND($Q67<=AH$8, $Q67>=AH$7))),(AND(AND($P67>=AH$7, $P67<=AH$8),$Q67>=AH$8)), AND($P67>=AH$7, $Q67<=AH$8), AND($P67<=AH$7,$Q67>=AH$8)),1,0) -> 0 | ... CI67: =IF(OR((AND($P67<=CI$7,AND($Q67<=CI$8, $Q67>=CI$7))),(AND(AND($P67>=CI$7, $P67<=CI$8),$Q67>=CI$8)), AND($P67>=CI$7, $Q67<=CI$8), AND($P67<=CI$7,$Q67>=CI$8)),1,0) -> 0
A68: 6.3 | I68: 10 | J68: =IF(CheckDay>=Q68,1,IF(CheckDay<P68, 0,DAYS360(P68,CheckDay+1)/Y68)) -> 1 | K68: 0 | L68: =I68*J68/100 -> 0.1 | M68: =I68*K68/100 -> 0 | N68: =M68-L68 -> -0.1 | O68: =IF(AND(K68=0%,N68=0),"",IF(N68<0,"지연",IF(K68=100%,"종료","진행"))) -> 지연 | X68: =IF(ISBLANK(V68),"",(DAYS360(VLOOKUP(V68,$A$9:$Q$97,15,FALSE),P68)-1)) | Y68: =NETWORKDAYS(P68,Q68,진행현황_전체!C$59:C$77) -> 0 | AA68: =IF(OR((AND($P68<=AA$7,AND($Q68<=AA$8, $Q68>=AA$7))),(AND(AND($P68>=AA$7, $P68<=AA$8),$Q68>=AA$8)), AND($P68>=AA$7, $Q68<=AA$8), AND($P68<=AA$7,$Q68>=AA$8)),1,0) -> 0 | AB68: =IF(OR((AND($P68<=AB$7,AND($Q68<=AB$8, $Q68>=AB$7))),(AND(AND($P68>=AB$7, $P68<=AB$8),$Q68>=AB$8)), AND($P68>=AB$7, $Q68<=AB$8), AND($P68<=AB$7,$Q68>=AB$8)),1,0) -> 0 | AC68: =IF(OR((AND($P68<=AC$7,AND($Q68<=AC$8, $Q68>=AC$7))),(AND(AND($P68>=AC$7, $P68<=AC$8),$Q68>=AC$8)), AND($P68>=AC$7, $Q68<=AC$8), AND($P68<=AC$7,$Q68>=AC$8)),1,0) -> 0 | AD68: =IF(OR((AND($P68<=AD$7,AND($Q68<=AD$8, $Q68>=AD$7))),(AND(AND($P68>=AD$7, $P68<=AD$8),$Q68>=AD$8)), AND($P68>=AD$7, $Q68<=AD$8), AND($P68<=AD$7,$Q68>=AD$8)),1,0) -> 0 | AE68: =IF(OR((AND($P68<=AE$7,AND($Q68<=AE$8, $Q68>=AE$7))),(AND(AND($P68>=AE$7, $P68<=AE$8),$Q68>=AE$8)), AND($P68>=AE$7, $Q68<=AE$8), AND($P68<=AE$7,$Q68>=AE$8)),1,0) -> 0 | AF68: =IF(OR((AND($P68<=AF$7,AND($Q68<=AF$8, $Q68>=AF$7))),(AND(AND($P68>=AF$7, $P68<=AF$8),$Q68>=AF$8)), AND($P68>=AF$7, $Q68<=AF$8), AND($P68<=AF$7,$Q68>=AF$8)),1,0) -> 0 | AG68: =IF(OR((AND($P68<=AG$7,AND($Q68<=AG$8, $Q68>=AG$7))),(AND(AND($P68>=AG$7, $P68<=AG$8),$Q68>=AG$8)), AND($P68>=AG$7, $Q68<=AG$8), AND($P68<=AG$7,$Q68>=AG$8)),1,0) -> 0 | AH68: =IF(OR((AND($P68<=AH$7,AND($Q68<=AH$8, $Q68>=AH$7))),(AND(AND($P68>=AH$7, $P68<=AH$8),$Q68>=AH$8)), AND($P68>=AH$7, $Q68<=AH$8), AND($P68<=AH$7,$Q68>=AH$8)),1,0) -> 0 | ... CI68: =IF(OR((AND($P68<=CI$7,AND($Q68<=CI$8, $Q68>=CI$7))),(AND(AND($P68>=CI$7, $P68<=CI$8),$Q68>=CI$8)), AND($P68>=CI$7, $Q68<=CI$8), AND($P68<=CI$7,$Q68>=CI$8)),1,0) -> 0
A69: 6.4 | I69: 10 | J69: =IF(CheckDay>=Q69,1,IF(CheckDay<P69, 0,DAYS360(P69,CheckDay+1)/Y69)) -> 1 | K69: 0 | L69: =I69*J69/100 -> 0.1 | M69: =I69*K69/100 -> 0 | N69: =M69-L69 -> -0.1 | O69: =IF(AND(K69=0%,N69=0),"",IF(N69<0,"지연",IF(K69=100%,"종료","진행"))) -> 지연 | X69: =IF(ISBLANK(V69),"",(DAYS360(VLOOKUP(V69,$A$9:$Q$97,15,FALSE),P69)-1)) | Y69: =NETWORKDAYS(P69,Q69,진행현황_전체!C$59:C$77) -> 0 | AA69: =IF(OR((AND($P69<=AA$7,AND($Q69<=AA$8, $Q69>=AA$7))),(AND(AND($P69>=AA$7, $P69<=AA$8),$Q69>=AA$8)), AND($P69>=AA$7, $Q69<=AA$8), AND($P69<=AA$7,$Q69>=AA$8)),1,0) -> 0 | AB69: =IF(OR((AND($P69<=AB$7,AND($Q69<=AB$8, $Q69>=AB$7))),(AND(AND($P69>=AB$7, $P69<=AB$8),$Q69>=AB$8)), AND($P69>=AB$7, $Q69<=AB$8), AND($P69<=AB$7,$Q69>=AB$8)),1,0) -> 0 | AC69: =IF(OR((AND($P69<=AC$7,AND($Q69<=AC$8, $Q69>=AC$7))),(AND(AND($P69>=AC$7, $P69<=AC$8),$Q69>=AC$8)), AND($P69>=AC$7, $Q69<=AC$8), AND($P69<=AC$7,$Q69>=AC$8)),1,0) -> 0 | AD69: =IF(OR((AND($P69<=AD$7,AND($Q69<=AD$8, $Q69>=AD$7))),(AND(AND($P69>=AD$7, $P69<=AD$8),$Q69>=AD$8)), AND($P69>=AD$7, $Q69<=AD$8), AND($P69<=AD$7,$Q69>=AD$8)),1,0) -> 0 | AE69: =IF(OR((AND($P69<=AE$7,AND($Q69<=AE$8, $Q69>=AE$7))),(AND(AND($P69>=AE$7, $P69<=AE$8),$Q69>=AE$8)), AND($P69>=AE$7, $Q69<=AE$8), AND($P69<=AE$7,$Q69>=AE$8)),1,0) -> 0 | AF69: =IF(OR((AND($P69<=AF$7,AND($Q69<=AF$8, $Q69>=AF$7))),(AND(AND($P69>=AF$7, $P69<=AF$8),$Q69>=AF$8)), AND($P69>=AF$7, $Q69<=AF$8), AND($P69<=AF$7,$Q69>=AF$8)),1,0) -> 0 | AG69: =IF(OR((AND($P69<=AG$7,AND($Q69<=AG$8, $Q69>=AG$7))),(AND(AND($P69>=AG$7, $P69<=AG$8),$Q69>=AG$8)), AND($P69>=AG$7, $Q69<=AG$8), AND($P69<=AG$7,$Q69>=AG$8)),1,0) -> 0 | AH69: =IF(OR((AND($P69<=AH$7,AND($Q69<=AH$8, $Q69>=AH$7))),(AND(AND($P69>=AH$7, $P69<=AH$8),$Q69>=AH$8)), AND($P69>=AH$7, $Q69<=AH$8), AND($P69<=AH$7,$Q69>=AH$8)),1,0) -> 0 | ... CI69: =IF(OR((AND($P69<=CI$7,AND($Q69<=CI$8, $Q69>=CI$7))),(AND(AND($P69>=CI$7, $P69<=CI$8),$Q69>=CI$8)), AND($P69>=CI$7, $Q69<=CI$8), AND($P69<=CI$7,$Q69>=CI$8)),1,0) -> 0
A70: 6.5 | I70: 10 | J70: =IF(CheckDay>=Q70,1,IF(CheckDay<P70, 0,DAYS360(P70,CheckDay+1)/Y70)) -> 1 | K70: 0 | L70: =I70*J70/100 -> 0.1 | M70: =I70*K70/100 -> 0 | N70: =M70-L70 -> -0.1 | O70: =IF(AND(K70=0%,N70=0),"",IF(N70<0,"지연",IF(K70=100%,"종료","진행"))) -> 지연 | X70: =IF(ISBLANK(V70),"",(DAYS360(VLOOKUP(V70,$A$9:$Q$97,15,FALSE),P70)-1)) | Y70: =NETWORKDAYS(P70,Q70,진행현황_전체!C$59:C$77) -> 0 | AA70: =IF(OR((AND($P70<=AA$7,AND($Q70<=AA$8, $Q70>=AA$7))),(AND(AND($P70>=AA$7, $P70<=AA$8),$Q70>=AA$8)), AND($P70>=AA$7, $Q70<=AA$8), AND($P70<=AA$7,$Q70>=AA$8)),1,0) -> 0 | AB70: =IF(OR((AND($P70<=AB$7,AND($Q70<=AB$8, $Q70>=AB$7))),(AND(AND($P70>=AB$7, $P70<=AB$8),$Q70>=AB$8)), AND($P70>=AB$7, $Q70<=AB$8), AND($P70<=AB$7,$Q70>=AB$8)),1,0) -> 0 | AC70: =IF(OR((AND($P70<=AC$7,AND($Q70<=AC$8, $Q70>=AC$7))),(AND(AND($P70>=AC$7, $P70<=AC$8),$Q70>=AC$8)), AND($P70>=AC$7, $Q70<=AC$8), AND($P70<=AC$7,$Q70>=AC$8)),1,0) -> 0 | AD70: =IF(OR((AND($P70<=AD$7,AND($Q70<=AD$8, $Q70>=AD$7))),(AND(AND($P70>=AD$7, $P70<=AD$8),$Q70>=AD$8)), AND($P70>=AD$7, $Q70<=AD$8), AND($P70<=AD$7,$Q70>=AD$8)),1,0) -> 0 | AE70: =IF(OR((AND($P70<=AE$7,AND($Q70<=AE$8, $Q70>=AE$7))),(AND(AND($P70>=AE$7, $P70<=AE$8),$Q70>=AE$8)), AND($P70>=AE$7, $Q70<=AE$8), AND($P70<=AE$7,$Q70>=AE$8)),1,0) -> 0 | AF70: =IF(OR((AND($P70<=AF$7,AND($Q70<=AF$8, $Q70>=AF$7))),(AND(AND($P70>=AF$7, $P70<=AF$8),$Q70>=AF$8)), AND($P70>=AF$7, $Q70<=AF$8), AND($P70<=AF$7,$Q70>=AF$8)),1,0) -> 0 | AG70: =IF(OR((AND($P70<=AG$7,AND($Q70<=AG$8, $Q70>=AG$7))),(AND(AND($P70>=AG$7, $P70<=AG$8),$Q70>=AG$8)), AND($P70>=AG$7, $Q70<=AG$8), AND($P70<=AG$7,$Q70>=AG$8)),1,0) -> 0 | AH70: =IF(OR((AND($P70<=AH$7,AND($Q70<=AH$8, $Q70>=AH$7))),(AND(AND($P70>=AH$7, $P70<=AH$8),$Q70>=AH$8)), AND($P70>=AH$7, $Q70<=AH$8), AND($P70<=AH$7,$Q70>=AH$8)),1,0) -> 0 | ... CI70: =IF(OR((AND($P70<=CI$7,AND($Q70<=CI$8, $Q70>=CI$7))),(AND(AND($P70>=CI$7, $P70<=CI$8),$Q70>=CI$8)), AND($P70>=CI$7, $Q70<=CI$8), AND($P70<=CI$7,$Q70>=CI$8)),1,0) -> 0
A71: 6.6 | I71: 10 | J71: =IF(CheckDay>=Q71,1,IF(CheckDay<P71, 0,DAYS360(P71,CheckDay+1)/Y71)) -> 1 | K71: 0 | L71: =I71*J71/100 -> 0.1 | M71: =I71*K71/100 -> 0 | N71: =M71-L71 -> -0.1 | O71: =IF(AND(K71=0%,N71=0),"",IF(N71<0,"지연",IF(K71=100%,"종료","진행"))) -> 지연 | X71: =IF(ISBLANK(V71),"",(DAYS360(VLOOKUP(V71,$A$9:$Q$97,15,FALSE),P71)-1)) | Y71: =NETWORKDAYS(P71,Q71,진행현황_전체!C$59:C$77) -> 0 | AA71: =IF(OR((AND($P71<=AA$7,AND($Q71<=AA$8, $Q71>=AA$7))),(AND(AND($P71>=AA$7, $P71<=AA$8),$Q71>=AA$8)), AND($P71>=AA$7, $Q71<=AA$8), AND($P71<=AA$7,$Q71>=AA$8)),1,0) -> 0 | AB71: =IF(OR((AND($P71<=AB$7,AND($Q71<=AB$8, $Q71>=AB$7))),(AND(AND($P71>=AB$7, $P71<=AB$8),$Q71>=AB$8)), AND($P71>=AB$7, $Q71<=AB$8), AND($P71<=AB$7,$Q71>=AB$8)),1,0) -> 0 | AC71: =IF(OR((AND($P71<=AC$7,AND($Q71<=AC$8, $Q71>=AC$7))),(AND(AND($P71>=AC$7, $P71<=AC$8),$Q71>=AC$8)), AND($P71>=AC$7, $Q71<=AC$8), AND($P71<=AC$7,$Q71>=AC$8)),1,0) -> 0 | AD71: =IF(OR((AND($P71<=AD$7,AND($Q71<=AD$8, $Q71>=AD$7))),(AND(AND($P71>=AD$7, $P71<=AD$8),$Q71>=AD$8)), AND($P71>=AD$7, $Q71<=AD$8), AND($P71<=AD$7,$Q71>=AD$8)),1,0) -> 0 | AE71: =IF(OR((AND($P71<=AE$7,AND($Q71<=AE$8, $Q71>=AE$7))),(AND(AND($P71>=AE$7, $P71<=AE$8),$Q71>=AE$8)), AND($P71>=AE$7, $Q71<=AE$8), AND($P71<=AE$7,$Q71>=AE$8)),1,0) -> 0 | AF71: =IF(OR((AND($P71<=AF$7,AND($Q71<=AF$8, $Q71>=AF$7))),(AND(AND($P71>=AF$7, $P71<=AF$8),$Q71>=AF$8)), AND($P71>=AF$7, $Q71<=AF$8), AND($P71<=AF$7,$Q71>=AF$8)),1,0) -> 0 | AG71: =IF(OR((AND($P71<=AG$7,AND($Q71<=AG$8, $Q71>=AG$7))),(AND(AND($P71>=AG$7, $P71<=AG$8),$Q71>=AG$8)), AND($P71>=AG$7, $Q71<=AG$8), AND($P71<=AG$7,$Q71>=AG$8)),1,0) -> 0 | AH71: =IF(OR((AND($P71<=AH$7,AND($Q71<=AH$8, $Q71>=AH$7))),(AND(AND($P71>=AH$7, $P71<=AH$8),$Q71>=AH$8)), AND($P71>=AH$7, $Q71<=AH$8), AND($P71<=AH$7,$Q71>=AH$8)),1,0) -> 0 | ... CI71: =IF(OR((AND($P71<=CI$7,AND($Q71<=CI$8, $Q71>=CI$7))),(AND(AND($P71>=CI$7, $P71<=CI$8),$Q71>=CI$8)), AND($P71>=CI$7, $Q71<=CI$8), AND($P71<=CI$7,$Q71>=CI$8)),1,0) -> 0
A72: 6.7 | I72: 10 | J72: =IF(CheckDay>=Q72,1,IF(CheckDay<P72, 0,DAYS360(P72,CheckDay+1)/Y72)) -> 1 | K72: 0 | L72: =I72*J72/100 -> 0.1 | M72: =I72*K72/100 -> 0 | N72: =M72-L72 -> -0.1 | O72: =IF(AND(K72=0%,N72=0),"",IF(N72<0,"지연",IF(K72=100%,"종료","진행"))) -> 지연 | X72: =IF(ISBLANK(V72),"",(DAYS360(VLOOKUP(V72,$A$9:$Q$97,15,FALSE),P72)-1)) | Y72: =NETWORKDAYS(P72,Q72,진행현황_전체!C$59:C$77) -> 0 | AA72: =IF(OR((AND($P72<=AA$7,AND($Q72<=AA$8, $Q72>=AA$7))),(AND(AND($P72>=AA$7, $P72<=AA$8),$Q72>=AA$8)), AND($P72>=AA$7, $Q72<=AA$8), AND($P72<=AA$7,$Q72>=AA$8)),1,0) -> 0 | AB72: =IF(OR((AND($P72<=AB$7,AND($Q72<=AB$8, $Q72>=AB$7))),(AND(AND($P72>=AB$7, $P72<=AB$8),$Q72>=AB$8)), AND($P72>=AB$7, $Q72<=AB$8), AND($P72<=AB$7,$Q72>=AB$8)),1,0) -> 0 | AC72: =IF(OR((AND($P72<=AC$7,AND($Q72<=AC$8, $Q72>=AC$7))),(AND(AND($P72>=AC$7, $P72<=AC$8),$Q72>=AC$8)), AND($P72>=AC$7, $Q72<=AC$8), AND($P72<=AC$7,$Q72>=AC$8)),1,0) -> 0 | AD72: =IF(OR((AND($P72<=AD$7,AND($Q72<=AD$8, $Q72>=AD$7))),(AND(AND($P72>=AD$7, $P72<=AD$8),$Q72>=AD$8)), AND($P72>=AD$7, $Q72<=AD$8), AND($P72<=AD$7,$Q72>=AD$8)),1,0) -> 0 | AE72: =IF(OR((AND($P72<=AE$7,AND($Q72<=AE$8, $Q72>=AE$7))),(AND(AND($P72>=AE$7, $P72<=AE$8),$Q72>=AE$8)), AND($P72>=AE$7, $Q72<=AE$8), AND($P72<=AE$7,$Q72>=AE$8)),1,0) -> 0 | AF72: =IF(OR((AND($P72<=AF$7,AND($Q72<=AF$8, $Q72>=AF$7))),(AND(AND($P72>=AF$7, $P72<=AF$8),$Q72>=AF$8)), AND($P72>=AF$7, $Q72<=AF$8), AND($P72<=AF$7,$Q72>=AF$8)),1,0) -> 0 | AG72: =IF(OR((AND($P72<=AG$7,AND($Q72<=AG$8, $Q72>=AG$7))),(AND(AND($P72>=AG$7, $P72<=AG$8),$Q72>=AG$8)), AND($P72>=AG$7, $Q72<=AG$8), AND($P72<=AG$7,$Q72>=AG$8)),1,0) -> 0 | AH72: =IF(OR((AND($P72<=AH$7,AND($Q72<=AH$8, $Q72>=AH$7))),(AND(AND($P72>=AH$7, $P72<=AH$8),$Q72>=AH$8)), AND($P72>=AH$7, $Q72<=AH$8), AND($P72<=AH$7,$Q72>=AH$8)),1,0) -> 0 | ... CI72: =IF(OR((AND($P72<=CI$7,AND($Q72<=CI$8, $Q72>=CI$7))),(AND(AND($P72>=CI$7, $P72<=CI$8),$Q72>=CI$8)), AND($P72>=CI$7, $Q72<=CI$8), AND($P72<=CI$7,$Q72>=CI$8)),1,0) -> 0
A73: 6.8 | I73: 10 | J73: =IF(CheckDay>=Q73,1,IF(CheckDay<P73, 0,DAYS360(P73,CheckDay+1)/Y73)) -> 1 | K73: 0 | L73: =I73*J73/100 -> 0.1 | M73: =I73*K73/100 -> 0 | N73: =M73-L73 -> -0.1 | O73: =IF(AND(K73=0%,N73=0),"",IF(N73<0,"지연",IF(K73=100%,"종료","진행"))) -> 지연 | X73: =IF(ISBLANK(V73),"",(DAYS360(VLOOKUP(V73,$A$9:$Q$97,15,FALSE),P73)-1)) | Y73: =NETWORKDAYS(P73,Q73,진행현황_전체!C$59:C$77) -> 0 | AA73: =IF(OR((AND($P73<=AA$7,AND($Q73<=AA$8, $Q73>=AA$7))),(AND(AND($P73>=AA$7, $P73<=AA$8),$Q73>=AA$8)), AND($P73>=AA$7, $Q73<=AA$8), AND($P73<=AA$7,$Q73>=AA$8)),1,0) -> 0 | AB73: =IF(OR((AND($P73<=AB$7,AND($Q73<=AB$8, $Q73>=AB$7))),(AND(AND($P73>=AB$7, $P73<=AB$8),$Q73>=AB$8)), AND($P73>=AB$7, $Q73<=AB$8), AND($P73<=AB$7,$Q73>=AB$8)),1,0) -> 0 | AC73: =IF(OR((AND($P73<=AC$7,AND($Q73<=AC$8, $Q73>=AC$7))),(AND(AND($P73>=AC$7, $P73<=AC$8),$Q73>=AC$8)), AND($P73>=AC$7, $Q73<=AC$8), AND($P73<=AC$7,$Q73>=AC$8)),1,0) -> 0 | AD73: =IF(OR((AND($P73<=AD$7,AND($Q73<=AD$8, $Q73>=AD$7))),(AND(AND($P73>=AD$7, $P73<=AD$8),$Q73>=AD$8)), AND($P73>=AD$7, $Q73<=AD$8), AND($P73<=AD$7,$Q73>=AD$8)),1,0) -> 0 | AE73: =IF(OR((AND($P73<=AE$7,AND($Q73<=AE$8, $Q73>=AE$7))),(AND(AND($P73>=AE$7, $P73<=AE$8),$Q73>=AE$8)), AND($P73>=AE$7, $Q73<=AE$8), AND($P73<=AE$7,$Q73>=AE$8)),1,0) -> 0 | AF73: =IF(OR((AND($P73<=AF$7,AND($Q73<=AF$8, $Q73>=AF$7))),(AND(AND($P73>=AF$7, $P73<=AF$8),$Q73>=AF$8)), AND($P73>=AF$7, $Q73<=AF$8), AND($P73<=AF$7,$Q73>=AF$8)),1,0) -> 0 | AG73: =IF(OR((AND($P73<=AG$7,AND($Q73<=AG$8, $Q73>=AG$7))),(AND(AND($P73>=AG$7, $P73<=AG$8),$Q73>=AG$8)), AND($P73>=AG$7, $Q73<=AG$8), AND($P73<=AG$7,$Q73>=AG$8)),1,0) -> 0 | AH73: =IF(OR((AND($P73<=AH$7,AND($Q73<=AH$8, $Q73>=AH$7))),(AND(AND($P73>=AH$7, $P73<=AH$8),$Q73>=AH$8)), AND($P73>=AH$7, $Q73<=AH$8), AND($P73<=AH$7,$Q73>=AH$8)),1,0) -> 0 | ... CI73: =IF(OR((AND($P73<=CI$7,AND($Q73<=CI$8, $Q73>=CI$7))),(AND(AND($P73>=CI$7, $P73<=CI$8),$Q73>=CI$8)), AND($P73>=CI$7, $Q73<=CI$8), AND($P73<=CI$7,$Q73>=CI$8)),1,0) -> 0
A74: 6.9 | I74: 10 | J74: =IF(CheckDay>=Q74,1,IF(CheckDay<P74, 0,DAYS360(P74,CheckDay+1)/Y74)) -> 1 | K74: 0 | L74: =I74*J74/100 -> 0.1 | M74: =I74*K74/100 -> 0 | N74: =M74-L74 -> -0.1 | O74: =IF(AND(K74=0%,N74=0),"",IF(N74<0,"지연",IF(K74=100%,"종료","진행"))) -> 지연 | X74: =IF(ISBLANK(V74),"",(DAYS360(VLOOKUP(V74,$A$9:$Q$97,15,FALSE),P74)-1)) | Y74: =NETWORKDAYS(P74,Q74,진행현황_전체!C$59:C$77) -> 0 | AA74: =IF(OR((AND($P74<=AA$7,AND($Q74<=AA$8, $Q74>=AA$7))),(AND(AND($P74>=AA$7, $P74<=AA$8),$Q74>=AA$8)), AND($P74>=AA$7, $Q74<=AA$8), AND($P74<=AA$7,$Q74>=AA$8)),1,0) -> 0 | AB74: =IF(OR((AND($P74<=AB$7,AND($Q74<=AB$8, $Q74>=AB$7))),(AND(AND($P74>=AB$7, $P74<=AB$8),$Q74>=AB$8)), AND($P74>=AB$7, $Q74<=AB$8), AND($P74<=AB$7,$Q74>=AB$8)),1,0) -> 0 | AC74: =IF(OR((AND($P74<=AC$7,AND($Q74<=AC$8, $Q74>=AC$7))),(AND(AND($P74>=AC$7, $P74<=AC$8),$Q74>=AC$8)), AND($P74>=AC$7, $Q74<=AC$8), AND($P74<=AC$7,$Q74>=AC$8)),1,0) -> 0 | AD74: =IF(OR((AND($P74<=AD$7,AND($Q74<=AD$8, $Q74>=AD$7))),(AND(AND($P74>=AD$7, $P74<=AD$8),$Q74>=AD$8)), AND($P74>=AD$7, $Q74<=AD$8), AND($P74<=AD$7,$Q74>=AD$8)),1,0) -> 0 | AE74: =IF(OR((AND($P74<=AE$7,AND($Q74<=AE$8, $Q74>=AE$7))),(AND(AND($P74>=AE$7, $P74<=AE$8),$Q74>=AE$8)), AND($P74>=AE$7, $Q74<=AE$8), AND($P74<=AE$7,$Q74>=AE$8)),1,0) -> 0 | AF74: =IF(OR((AND($P74<=AF$7,AND($Q74<=AF$8, $Q74>=AF$7))),(AND(AND($P74>=AF$7, $P74<=AF$8),$Q74>=AF$8)), AND($P74>=AF$7, $Q74<=AF$8), AND($P74<=AF$7,$Q74>=AF$8)),1,0) -> 0 | AG74: =IF(OR((AND($P74<=AG$7,AND($Q74<=AG$8, $Q74>=AG$7))),(AND(AND($P74>=AG$7, $P74<=AG$8),$Q74>=AG$8)), AND($P74>=AG$7, $Q74<=AG$8), AND($P74<=AG$7,$Q74>=AG$8)),1,0) -> 0 | AH74: =IF(OR((AND($P74<=AH$7,AND($Q74<=AH$8, $Q74>=AH$7))),(AND(AND($P74>=AH$7, $P74<=AH$8),$Q74>=AH$8)), AND($P74>=AH$7, $Q74<=AH$8), AND($P74<=AH$7,$Q74>=AH$8)),1,0) -> 0 | ... CI74: =IF(OR((AND($P74<=CI$7,AND($Q74<=CI$8, $Q74>=CI$7))),(AND(AND($P74>=CI$7, $P74<=CI$8),$Q74>=CI$8)), AND($P74>=CI$7, $Q74<=CI$8), AND($P74<=CI$7,$Q74>=CI$8)),1,0) -> 0
A75: 6.10 | I75: 10 | J75: =IF(CheckDay>=Q75,1,IF(CheckDay<P75, 0,DAYS360(P75,CheckDay+1)/Y75)) -> 1 | K75: 0 | L75: =I75*J75/100 -> 0.1 | M75: =I75*K75/100 -> 0 | N75: =M75-L75 -> -0.1 | O75: =IF(AND(K75=0%,N75=0),"",IF(N75<0,"지연",IF(K75=100%,"종료","진행"))) -> 지연 | X75: =IF(ISBLANK(V75),"",(DAYS360(VLOOKUP(V75,$A$9:$Q$97,15,FALSE),P75)-1)) | Y75: =NETWORKDAYS(P75,Q75,진행현황_전체!C$59:C$77) -> 0 | AA75: =IF(OR((AND($P75<=AA$7,AND($Q75<=AA$8, $Q75>=AA$7))),(AND(AND($P75>=AA$7, $P75<=AA$8),$Q75>=AA$8)), AND($P75>=AA$7, $Q75<=AA$8), AND($P75<=AA$7,$Q75>=AA$8)),1,0) -> 0 | AB75: =IF(OR((AND($P75<=AB$7,AND($Q75<=AB$8, $Q75>=AB$7))),(AND(AND($P75>=AB$7, $P75<=AB$8),$Q75>=AB$8)), AND($P75>=AB$7, $Q75<=AB$8), AND($P75<=AB$7,$Q75>=AB$8)),1,0) -> 0 | AC75: =IF(OR((AND($P75<=AC$7,AND($Q75<=AC$8, $Q75>=AC$7))),(AND(AND($P75>=AC$7, $P75<=AC$8),$Q75>=AC$8)), AND($P75>=AC$7, $Q75<=AC$8), AND($P75<=AC$7,$Q75>=AC$8)),1,0) -> 0 | AD75: =IF(OR((AND($P75<=AD$7,AND($Q75<=AD$8, $Q75>=AD$7))),(AND(AND($P75>=AD$7, $P75<=AD$8),$Q75>=AD$8)), AND($P75>=AD$7, $Q75<=AD$8), AND($P75<=AD$7,$Q75>=AD$8)),1,0) -> 0 | AE75: =IF(OR((AND($P75<=AE$7,AND($Q75<=AE$8, $Q75>=AE$7))),(AND(AND($P75>=AE$7, $P75<=AE$8),$Q75>=AE$8)), AND($P75>=AE$7, $Q75<=AE$8), AND($P75<=AE$7,$Q75>=AE$8)),1,0) -> 0 | AF75: =IF(OR((AND($P75<=AF$7,AND($Q75<=AF$8, $Q75>=AF$7))),(AND(AND($P75>=AF$7, $P75<=AF$8),$Q75>=AF$8)), AND($P75>=AF$7, $Q75<=AF$8), AND($P75<=AF$7,$Q75>=AF$8)),1,0) -> 0 | AG75: =IF(OR((AND($P75<=AG$7,AND($Q75<=AG$8, $Q75>=AG$7))),(AND(AND($P75>=AG$7, $P75<=AG$8),$Q75>=AG$8)), AND($P75>=AG$7, $Q75<=AG$8), AND($P75<=AG$7,$Q75>=AG$8)),1,0) -> 0 | AH75: =IF(OR((AND($P75<=AH$7,AND($Q75<=AH$8, $Q75>=AH$7))),(AND(AND($P75>=AH$7, $P75<=AH$8),$Q75>=AH$8)), AND($P75>=AH$7, $Q75<=AH$8), AND($P75<=AH$7,$Q75>=AH$8)),1,0) -> 0 | ... CI75: =IF(OR((AND($P75<=CI$7,AND($Q75<=CI$8, $Q75>=CI$7))),(AND(AND($P75>=CI$7, $P75<=CI$8),$Q75>=CI$8)), AND($P75>=CI$7, $Q75<=CI$8), AND($P75<=CI$7,$Q75>=CI$8)),1,0) -> 0
A76: 7 | B76: =진행현황_01.범위명!H15 -> 단계7 | H76: =SUM(I77:I86) -> 100 | I76: =진행현황_01.범위명!H16 -> 5 | J76: =SUM(L77:L86) -> 1 | K76: =SUM(M77:M86) -> 0 | L76: =SUM(L77:L86)*I76 -> 5 | M76: =SUM(M77:M86)*I76 -> 0 | N76: =M76-L76 -> -5 | P76: =MIN(P77:P86) -> 0 | Q76: =MAX(Q77:Q86) -> 0 | S76: =MIN(S77:S86) -> 0 | T76: =MAX(T77:T86) -> 0 | X76: =IF(ISBLANK(V76),"",(DAYS360(VLOOKUP(V76,$A$9:$Q$97,15,FALSE),P76)-1)) | Y76: =NETWORKDAYS(P76,Q76,진행현황_전체!C$59:C$77) -> 0
A77: 7.1 | I77: 10 | J77: =IF(CheckDay>=Q77,1,IF(CheckDay<P77, 0,DAYS360(P77,CheckDay+1)/Y77)) -> 1 | K77: 0 | L77: =I77*J77/100 -> 0.1 | M77: =I77*K77/100 -> 0 | N77: =M77-L77 -> -0.1 | O77: =IF(AND(K77=0%,N77=0),"",IF(N77<0,"지연",IF(K77=100%,"종료","진행"))) -> 지연 | X77: =IF(ISBLANK(V77),"",(DAYS360(VLOOKUP(V77,$A$9:$Q$97,15,FALSE),P77)-1)) | Y77: =NETWORKDAYS(P77,Q77,진행현황_전체!C$59:C$77) -> 0 | AA77: =IF(OR((AND($P77<=AA$7,AND($Q77<=AA$8, $Q77>=AA$7))),(AND(AND($P77>=AA$7, $P77<=AA$8),$Q77>=AA$8)), AND($P77>=AA$7, $Q77<=AA$8), AND($P77<=AA$7,$Q77>=AA$8)),1,0) -> 0 | AB77: =IF(OR((AND($P77<=AB$7,AND($Q77<=AB$8, $Q77>=AB$7))),(AND(AND($P77>=AB$7, $P77<=AB$8),$Q77>=AB$8)), AND($P77>=AB$7, $Q77<=AB$8), AND($P77<=AB$7,$Q77>=AB$8)),1,0) -> 0 | AC77: =IF(OR((AND($P77<=AC$7,AND($Q77<=AC$8, $Q77>=AC$7))),(AND(AND($P77>=AC$7, $P77<=AC$8),$Q77>=AC$8)), AND($P77>=AC$7, $Q77<=AC$8), AND($P77<=AC$7,$Q77>=AC$8)),1,0) -> 0 | AD77: =IF(OR((AND($P77<=AD$7,AND($Q77<=AD$8, $Q77>=AD$7))),(AND(AND($P77>=AD$7, $P77<=AD$8),$Q77>=AD$8)), AND($P77>=AD$7, $Q77<=AD$8), AND($P77<=AD$7,$Q77>=AD$8)),1,0) -> 0 | AE77: =IF(OR((AND($P77<=AE$7,AND($Q77<=AE$8, $Q77>=AE$7))),(AND(AND($P77>=AE$7, $P77<=AE$8),$Q77>=AE$8)), AND($P77>=AE$7, $Q77<=AE$8), AND($P77<=AE$7,$Q77>=AE$8)),1,0) -> 0 | AF77: =IF(OR((AND($P77<=AF$7,AND($Q77<=AF$8, $Q77>=AF$7))),(AND(AND($P77>=AF$7, $P77<=AF$8),$Q77>=AF$8)), AND($P77>=AF$7, $Q77<=AF$8), AND($P77<=AF$7,$Q77>=AF$8)),1,0) -> 0 | AG77: =IF(OR((AND($P77<=AG$7,AND($Q77<=AG$8, $Q77>=AG$7))),(AND(AND($P77>=AG$7, $P77<=AG$8),$Q77>=AG$8)), AND($P77>=AG$7, $Q77<=AG$8), AND($P77<=AG$7,$Q77>=AG$8)),1,0) -> 0 | AH77: =IF(OR((AND($P77<=AH$7,AND($Q77<=AH$8, $Q77>=AH$7))),(AND(AND($P77>=AH$7, $P77<=AH$8),$Q77>=AH$8)), AND($P77>=AH$7, $Q77<=AH$8), AND($P77<=AH$7,$Q77>=AH$8)),1,0) -> 0 | ... CI77: =IF(OR((AND($P77<=CI$7,AND($Q77<=CI$8, $Q77>=CI$7))),(AND(AND($P77>=CI$7, $P77<=CI$8),$Q77>=CI$8)), AND($P77>=CI$7, $Q77<=CI$8), AND($P77<=CI$7,$Q77>=CI$8)),1,0) -> 0
A78: 7.2 | I78: 10 | J78: =IF(CheckDay>=Q78,1,IF(CheckDay<P78, 0,DAYS360(P78,CheckDay+1)/Y78)) -> 1 | K78: 0 | L78: =I78*J78/100 -> 0.1 | M78: =I78*K78/100 -> 0 | N78: =M78-L78 -> -0.1 | O78: =IF(AND(K78=0%,N78=0),"",IF(N78<0,"지연",IF(K78=100%,"종료","진행"))) -> 지연 | X78: =IF(ISBLANK(V78),"",(DAYS360(VLOOKUP(V78,$A$9:$Q$97,15,FALSE),P78)-1)) | Y78: =NETWORKDAYS(P78,Q78,진행현황_전체!C$59:C$77) -> 0 | AA78: =IF(OR((AND($P78<=AA$7,AND($Q78<=AA$8, $Q78>=AA$7))),(AND(AND($P78>=AA$7, $P78<=AA$8),$Q78>=AA$8)), AND($P78>=AA$7, $Q78<=AA$8), AND($P78<=AA$7,$Q78>=AA$8)),1,0) -> 0 | AB78: =IF(OR((AND($P78<=AB$7,AND($Q78<=AB$8, $Q78>=AB$7))),(AND(AND($P78>=AB$7, $P78<=AB$8),$Q78>=AB$8)), AND($P78>=AB$7, $Q78<=AB$8), AND($P78<=AB$7,$Q78>=AB$8)),1,0) -> 0 | AC78: =IF(OR((AND($P78<=AC$7,AND($Q78<=AC$8, $Q78>=AC$7))),(AND(AND($P78>=AC$7, $P78<=AC$8),$Q78>=AC$8)), AND($P78>=AC$7, $Q78<=AC$8), AND($P78<=AC$7,$Q78>=AC$8)),1,0) -> 0 | AD78: =IF(OR((AND($P78<=AD$7,AND($Q78<=AD$8, $Q78>=AD$7))),(AND(AND($P78>=AD$7, $P78<=AD$8),$Q78>=AD$8)), AND($P78>=AD$7, $Q78<=AD$8), AND($P78<=AD$7,$Q78>=AD$8)),1,0) -> 0 | AE78: =IF(OR((AND($P78<=AE$7,AND($Q78<=AE$8, $Q78>=AE$7))),(AND(AND($P78>=AE$7, $P78<=AE$8),$Q78>=AE$8)), AND($P78>=AE$7, $Q78<=AE$8), AND($P78<=AE$7,$Q78>=AE$8)),1,0) -> 0 | AF78: =IF(OR((AND($P78<=AF$7,AND($Q78<=AF$8, $Q78>=AF$7))),(AND(AND($P78>=AF$7, $P78<=AF$8),$Q78>=AF$8)), AND($P78>=AF$7, $Q78<=AF$8), AND($P78<=AF$7,$Q78>=AF$8)),1,0) -> 0 | AG78: =IF(OR((AND($P78<=AG$7,AND($Q78<=AG$8, $Q78>=AG$7))),(AND(AND($P78>=AG$7, $P78<=AG$8),$Q78>=AG$8)), AND($P78>=AG$7, $Q78<=AG$8), AND($P78<=AG$7,$Q78>=AG$8)),1,0) -> 0 | AH78: =IF(OR((AND($P78<=AH$7,AND($Q78<=AH$8, $Q78>=AH$7))),(AND(AND($P78>=AH$7, $P78<=AH$8),$Q78>=AH$8)), AND($P78>=AH$7, $Q78<=AH$8), AND($P78<=AH$7,$Q78>=AH$8)),1,0) -> 0 | ... CI78: =IF(OR((AND($P78<=CI$7,AND($Q78<=CI$8, $Q78>=CI$7))),(AND(AND($P78>=CI$7, $P78<=CI$8),$Q78>=CI$8)), AND($P78>=CI$7, $Q78<=CI$8), AND($P78<=CI$7,$Q78>=CI$8)),1,0) -> 0
A79: 7.3 | I79: 10 | J79: =IF(CheckDay>=Q79,1,IF(CheckDay<P79, 0,DAYS360(P79,CheckDay+1)/Y79)) -> 1 | K79: 0 | L79: =I79*J79/100 -> 0.1 | M79: =I79*K79/100 -> 0 | N79: =M79-L79 -> -0.1 | O79: =IF(AND(K79=0%,N79=0),"",IF(N79<0,"지연",IF(K79=100%,"종료","진행"))) -> 지연 | X79: =IF(ISBLANK(V79),"",(DAYS360(VLOOKUP(V79,$A$9:$Q$97,15,FALSE),P79)-1)) | Y79: =NETWORKDAYS(P79,Q79,진행현황_전체!C$59:C$77) -> 0 | AA79: =IF(OR((AND($P79<=AA$7,AND($Q79<=AA$8, $Q79>=AA$7))),(AND(AND($P79>=AA$7, $P79<=AA$8),$Q79>=AA$8)), AND($P79>=AA$7, $Q79<=AA$8), AND($P79<=AA$7,$Q79>=AA$8)),1,0) -> 0 | AB79: =IF(OR((AND($P79<=AB$7,AND($Q79<=AB$8, $Q79>=AB$7))),(AND(AND($P79>=AB$7, $P79<=AB$8),$Q79>=AB$8)), AND($P79>=AB$7, $Q79<=AB$8), AND($P79<=AB$7,$Q79>=AB$8)),1,0) -> 0 | AC79: =IF(OR((AND($P79<=AC$7,AND($Q79<=AC$8, $Q79>=AC$7))),(AND(AND($P79>=AC$7, $P79<=AC$8),$Q79>=AC$8)), AND($P79>=AC$7, $Q79<=AC$8), AND($P79<=AC$7,$Q79>=AC$8)),1,0) -> 0 | AD79: =IF(OR((AND($P79<=AD$7,AND($Q79<=AD$8, $Q79>=AD$7))),(AND(AND($P79>=AD$7, $P79<=AD$8),$Q79>=AD$8)), AND($P79>=AD$7, $Q79<=AD$8), AND($P79<=AD$7,$Q79>=AD$8)),1,0) -> 0 | AE79: =IF(OR((AND($P79<=AE$7,AND($Q79<=AE$8, $Q79>=AE$7))),(AND(AND($P79>=AE$7, $P79<=AE$8),$Q79>=AE$8)), AND($P79>=AE$7, $Q79<=AE$8), AND($P79<=AE$7,$Q79>=AE$8)),1,0) -> 0 | AF79: =IF(OR((AND($P79<=AF$7,AND($Q79<=AF$8, $Q79>=AF$7))),(AND(AND($P79>=AF$7, $P79<=AF$8),$Q79>=AF$8)), AND($P79>=AF$7, $Q79<=AF$8), AND($P79<=AF$7,$Q79>=AF$8)),1,0) -> 0 | AG79: =IF(OR((AND($P79<=AG$7,AND($Q79<=AG$8, $Q79>=AG$7))),(AND(AND($P79>=AG$7, $P79<=AG$8),$Q79>=AG$8)), AND($P79>=AG$7, $Q79<=AG$8), AND($P79<=AG$7,$Q79>=AG$8)),1,0) -> 0 | AH79: =IF(OR((AND($P79<=AH$7,AND($Q79<=AH$8, $Q79>=AH$7))),(AND(AND($P79>=AH$7, $P79<=AH$8),$Q79>=AH$8)), AND($P79>=AH$7, $Q79<=AH$8), AND($P79<=AH$7,$Q79>=AH$8)),1,0) -> 0 | ... CI79: =IF(OR((AND($P79<=CI$7,AND($Q79<=CI$8, $Q79>=CI$7))),(AND(AND($P79>=CI$7, $P79<=CI$8),$Q79>=CI$8)), AND($P79>=CI$7, $Q79<=CI$8), AND($P79<=CI$7,$Q79>=CI$8)),1,0) -> 0
A80: 7.4 | I80: 10 | J80: =IF(CheckDay>=Q80,1,IF(CheckDay<P80, 0,DAYS360(P80,CheckDay+1)/Y80)) -> 1 | K80: 0 | L80: =I80*J80/100 -> 0.1 | M80: =I80*K80/100 -> 0 | N80: =M80-L80 -> -0.1 | O80: =IF(AND(K80=0%,N80=0),"",IF(N80<0,"지연",IF(K80=100%,"종료","진행"))) -> 지연 | X80: =IF(ISBLANK(V80),"",(DAYS360(VLOOKUP(V80,$A$9:$Q$97,15,FALSE),P80)-1)) | Y80: =NETWORKDAYS(P80,Q80,진행현황_전체!C$59:C$77) -> 0 | AA80: =IF(OR((AND($P80<=AA$7,AND($Q80<=AA$8, $Q80>=AA$7))),(AND(AND($P80>=AA$7, $P80<=AA$8),$Q80>=AA$8)), AND($P80>=AA$7, $Q80<=AA$8), AND($P80<=AA$7,$Q80>=AA$8)),1,0) -> 0 | AB80: =IF(OR((AND($P80<=AB$7,AND($Q80<=AB$8, $Q80>=AB$7))),(AND(AND($P80>=AB$7, $P80<=AB$8),$Q80>=AB$8)), AND($P80>=AB$7, $Q80<=AB$8), AND($P80<=AB$7,$Q80>=AB$8)),1,0) -> 0 | AC80: =IF(OR((AND($P80<=AC$7,AND($Q80<=AC$8, $Q80>=AC$7))),(AND(AND($P80>=AC$7, $P80<=AC$8),$Q80>=AC$8)), AND($P80>=AC$7, $Q80<=AC$8), AND($P80<=AC$7,$Q80>=AC$8)),1,0) -> 0 | AD80: =IF(OR((AND($P80<=AD$7,AND($Q80<=AD$8, $Q80>=AD$7))),(AND(AND($P80>=AD$7, $P80<=AD$8),$Q80>=AD$8)), AND($P80>=AD$7, $Q80<=AD$8), AND($P80<=AD$7,$Q80>=AD$8)),1,0) -> 0 | AE80: =IF(OR((AND($P80<=AE$7,AND($Q80<=AE$8, $Q80>=AE$7))),(AND(AND($P80>=AE$7, $P80<=AE$8),$Q80>=AE$8)), AND($P80>=AE$7, $Q80<=AE$8), AND($P80<=AE$7,$Q80>=AE$8)),1,0) -> 0 | AF80: =IF(OR((AND($P80<=AF$7,AND($Q80<=AF$8, $Q80>=AF$7))),(AND(AND($P80>=AF$7, $P80<=AF$8),$Q80>=AF$8)), AND($P80>=AF$7, $Q80<=AF$8), AND($P80<=AF$7,$Q80>=AF$8)),1,0) -> 0 | AG80: =IF(OR((AND($P80<=AG$7,AND($Q80<=AG$8, $Q80>=AG$7))),(AND(AND($P80>=AG$7, $P80<=AG$8),$Q80>=AG$8)), AND($P80>=AG$7, $Q80<=AG$8), AND($P80<=AG$7,$Q80>=AG$8)),1,0) -> 0 | AH80: =IF(OR((AND($P80<=AH$7,AND($Q80<=AH$8, $Q80>=AH$7))),(AND(AND($P80>=AH$7, $P80<=AH$8),$Q80>=AH$8)), AND($P80>=AH$7, $Q80<=AH$8), AND($P80<=AH$7,$Q80>=AH$8)),1,0) -> 0 | ... CI80: =IF(OR((AND($P80<=CI$7,AND($Q80<=CI$8, $Q80>=CI$7))),(AND(AND($P80>=CI$7, $P80<=CI$8),$Q80>=CI$8)), AND($P80>=CI$7, $Q80<=CI$8), AND($P80<=CI$7,$Q80>=CI$8)),1,0) -> 0
A81: 7.5 | I81: 10 | J81: =IF(CheckDay>=Q81,1,IF(CheckDay<P81, 0,DAYS360(P81,CheckDay+1)/Y81)) -> 1 | K81: 0 | L81: =I81*J81/100 -> 0.1 | M81: =I81*K81/100 -> 0 | N81: =M81-L81 -> -0.1 | O81: =IF(AND(K81=0%,N81=0),"",IF(N81<0,"지연",IF(K81=100%,"종료","진행"))) -> 지연 | X81: =IF(ISBLANK(V81),"",(DAYS360(VLOOKUP(V81,$A$9:$Q$97,15,FALSE),P81)-1)) | Y81: =NETWORKDAYS(P81,Q81,진행현황_전체!C$59:C$77) -> 0 | AA81: =IF(OR((AND($P81<=AA$7,AND($Q81<=AA$8, $Q81>=AA$7))),(AND(AND($P81>=AA$7, $P81<=AA$8),$Q81>=AA$8)), AND($P81>=AA$7, $Q81<=AA$8), AND($P81<=AA$7,$Q81>=AA$8)),1,0) -> 0 | AB81: =IF(OR((AND($P81<=AB$7,AND($Q81<=AB$8, $Q81>=AB$7))),(AND(AND($P81>=AB$7, $P81<=AB$8),$Q81>=AB$8)), AND($P81>=AB$7, $Q81<=AB$8), AND($P81<=AB$7,$Q81>=AB$8)),1,0) -> 0 | AC81: =IF(OR((AND($P81<=AC$7,AND($Q81<=AC$8, $Q81>=AC$7))),(AND(AND($P81>=AC$7, $P81<=AC$8),$Q81>=AC$8)), AND($P81>=AC$7, $Q81<=AC$8), AND($P81<=AC$7,$Q81>=AC$8)),1,0) -> 0 | AD81: =IF(OR((AND($P81<=AD$7,AND($Q81<=AD$8, $Q81>=AD$7))),(AND(AND($P81>=AD$7, $P81<=AD$8),$Q81>=AD$8)), AND($P81>=AD$7, $Q81<=AD$8), AND($P81<=AD$7,$Q81>=AD$8)),1,0) -> 0 | AE81: =IF(OR((AND($P81<=AE$7,AND($Q81<=AE$8, $Q81>=AE$7))),(AND(AND($P81>=AE$7, $P81<=AE$8),$Q81>=AE$8)), AND($P81>=AE$7, $Q81<=AE$8), AND($P81<=AE$7,$Q81>=AE$8)),1,0) -> 0 | AF81: =IF(OR((AND($P81<=AF$7,AND($Q81<=AF$8, $Q81>=AF$7))),(AND(AND($P81>=AF$7, $P81<=AF$8),$Q81>=AF$8)), AND($P81>=AF$7, $Q81<=AF$8), AND($P81<=AF$7,$Q81>=AF$8)),1,0) -> 0 | AG81: =IF(OR((AND($P81<=AG$7,AND($Q81<=AG$8, $Q81>=AG$7))),(AND(AND($P81>=AG$7, $P81<=AG$8),$Q81>=AG$8)), AND($P81>=AG$7, $Q81<=AG$8), AND($P81<=AG$7,$Q81>=AG$8)),1,0) -> 0 | AH81: =IF(OR((AND($P81<=AH$7,AND($Q81<=AH$8, $Q81>=AH$7))),(AND(AND($P81>=AH$7, $P81<=AH$8),$Q81>=AH$8)), AND($P81>=AH$7, $Q81<=AH$8), AND($P81<=AH$7,$Q81>=AH$8)),1,0) -> 0 | ... CI81: =IF(OR((AND($P81<=CI$7,AND($Q81<=CI$8, $Q81>=CI$7))),(AND(AND($P81>=CI$7, $P81<=CI$8),$Q81>=CI$8)), AND($P81>=CI$7, $Q81<=CI$8), AND($P81<=CI$7,$Q81>=CI$8)),1,0) -> 0
A82: 7.6 | I82: 10 | J82: =IF(CheckDay>=Q82,1,IF(CheckDay<P82, 0,DAYS360(P82,CheckDay+1)/Y82)) -> 1 | K82: 0 | L82: =I82*J82/100 -> 0.1 | M82: =I82*K82/100 -> 0 | N82: =M82-L82 -> -0.1 | O82: =IF(AND(K82=0%,N82=0),"",IF(N82<0,"지연",IF(K82=100%,"종료","진행"))) -> 지연 | X82: =IF(ISBLANK(V82),"",(DAYS360(VLOOKUP(V82,$A$9:$Q$97,15,FALSE),P82)-1)) | Y82: =NETWORKDAYS(P82,Q82,진행현황_전체!C$59:C$77) -> 0 | AA82: =IF(OR((AND($P82<=AA$7,AND($Q82<=AA$8, $Q82>=AA$7))),(AND(AND($P82>=AA$7, $P82<=AA$8),$Q82>=AA$8)), AND($P82>=AA$7, $Q82<=AA$8), AND($P82<=AA$7,$Q82>=AA$8)),1,0) -> 0 | AB82: =IF(OR((AND($P82<=AB$7,AND($Q82<=AB$8, $Q82>=AB$7))),(AND(AND($P82>=AB$7, $P82<=AB$8),$Q82>=AB$8)), AND($P82>=AB$7, $Q82<=AB$8), AND($P82<=AB$7,$Q82>=AB$8)),1,0) -> 0 | AC82: =IF(OR((AND($P82<=AC$7,AND($Q82<=AC$8, $Q82>=AC$7))),(AND(AND($P82>=AC$7, $P82<=AC$8),$Q82>=AC$8)), AND($P82>=AC$7, $Q82<=AC$8), AND($P82<=AC$7,$Q82>=AC$8)),1,0) -> 0 | AD82: =IF(OR((AND($P82<=AD$7,AND($Q82<=AD$8, $Q82>=AD$7))),(AND(AND($P82>=AD$7, $P82<=AD$8),$Q82>=AD$8)), AND($P82>=AD$7, $Q82<=AD$8), AND($P82<=AD$7,$Q82>=AD$8)),1,0) -> 0 | AE82: =IF(OR((AND($P82<=AE$7,AND($Q82<=AE$8, $Q82>=AE$7))),(AND(AND($P82>=AE$7, $P82<=AE$8),$Q82>=AE$8)), AND($P82>=AE$7, $Q82<=AE$8), AND($P82<=AE$7,$Q82>=AE$8)),1,0) -> 0 | AF82: =IF(OR((AND($P82<=AF$7,AND($Q82<=AF$8, $Q82>=AF$7))),(AND(AND($P82>=AF$7, $P82<=AF$8),$Q82>=AF$8)), AND($P82>=AF$7, $Q82<=AF$8), AND($P82<=AF$7,$Q82>=AF$8)),1,0) -> 0 | AG82: =IF(OR((AND($P82<=AG$7,AND($Q82<=AG$8, $Q82>=AG$7))),(AND(AND($P82>=AG$7, $P82<=AG$8),$Q82>=AG$8)), AND($P82>=AG$7, $Q82<=AG$8), AND($P82<=AG$7,$Q82>=AG$8)),1,0) -> 0 | AH82: =IF(OR((AND($P82<=AH$7,AND($Q82<=AH$8, $Q82>=AH$7))),(AND(AND($P82>=AH$7, $P82<=AH$8),$Q82>=AH$8)), AND($P82>=AH$7, $Q82<=AH$8), AND($P82<=AH$7,$Q82>=AH$8)),1,0) -> 0 | ... CI82: =IF(OR((AND($P82<=CI$7,AND($Q82<=CI$8, $Q82>=CI$7))),(AND(AND($P82>=CI$7, $P82<=CI$8),$Q82>=CI$8)), AND($P82>=CI$7, $Q82<=CI$8), AND($P82<=CI$7,$Q82>=CI$8)),1,0) -> 0
A83: 7.7 | I83: 10 | J83: =IF(CheckDay>=Q83,1,IF(CheckDay<P83, 0,DAYS360(P83,CheckDay+1)/Y83)) -> 1 | K83: 0 | L83: =I83*J83/100 -> 0.1 | M83: =I83*K83/100 -> 0 | N83: =M83-L83 -> -0.1 | O83: =IF(AND(K83=0%,N83=0),"",IF(N83<0,"지연",IF(K83=100%,"종료","진행"))) -> 지연 | X83: =IF(ISBLANK(V83),"",(DAYS360(VLOOKUP(V83,$A$9:$Q$97,15,FALSE),P83)-1)) | Y83: =NETWORKDAYS(P83,Q83,진행현황_전체!C$59:C$77) -> 0 | AA83: =IF(OR((AND($P83<=AA$7,AND($Q83<=AA$8, $Q83>=AA$7))),(AND(AND($P83>=AA$7, $P83<=AA$8),$Q83>=AA$8)), AND($P83>=AA$7, $Q83<=AA$8), AND($P83<=AA$7,$Q83>=AA$8)),1,0) -> 0 | AB83: =IF(OR((AND($P83<=AB$7,AND($Q83<=AB$8, $Q83>=AB$7))),(AND(AND($P83>=AB$7, $P83<=AB$8),$Q83>=AB$8)), AND($P83>=AB$7, $Q83<=AB$8), AND($P83<=AB$7,$Q83>=AB$8)),1,0) -> 0 | AC83: =IF(OR((AND($P83<=AC$7,AND($Q83<=AC$8, $Q83>=AC$7))),(AND(AND($P83>=AC$7, $P83<=AC$8),$Q83>=AC$8)), AND($P83>=AC$7, $Q83<=AC$8), AND($P83<=AC$7,$Q83>=AC$8)),1,0) -> 0 | AD83: =IF(OR((AND($P83<=AD$7,AND($Q83<=AD$8, $Q83>=AD$7))),(AND(AND($P83>=AD$7, $P83<=AD$8),$Q83>=AD$8)), AND($P83>=AD$7, $Q83<=AD$8), AND($P83<=AD$7,$Q83>=AD$8)),1,0) -> 0 | AE83: =IF(OR((AND($P83<=AE$7,AND($Q83<=AE$8, $Q83>=AE$7))),(AND(AND($P83>=AE$7, $P83<=AE$8),$Q83>=AE$8)), AND($P83>=AE$7, $Q83<=AE$8), AND($P83<=AE$7,$Q83>=AE$8)),1,0) -> 0 | AF83: =IF(OR((AND($P83<=AF$7,AND($Q83<=AF$8, $Q83>=AF$7))),(AND(AND($P83>=AF$7, $P83<=AF$8),$Q83>=AF$8)), AND($P83>=AF$7, $Q83<=AF$8), AND($P83<=AF$7,$Q83>=AF$8)),1,0) -> 0 | AG83: =IF(OR((AND($P83<=AG$7,AND($Q83<=AG$8, $Q83>=AG$7))),(AND(AND($P83>=AG$7, $P83<=AG$8),$Q83>=AG$8)), AND($P83>=AG$7, $Q83<=AG$8), AND($P83<=AG$7,$Q83>=AG$8)),1,0) -> 0 | AH83: =IF(OR((AND($P83<=AH$7,AND($Q83<=AH$8, $Q83>=AH$7))),(AND(AND($P83>=AH$7, $P83<=AH$8),$Q83>=AH$8)), AND($P83>=AH$7, $Q83<=AH$8), AND($P83<=AH$7,$Q83>=AH$8)),1,0) -> 0 | ... CI83: =IF(OR((AND($P83<=CI$7,AND($Q83<=CI$8, $Q83>=CI$7))),(AND(AND($P83>=CI$7, $P83<=CI$8),$Q83>=CI$8)), AND($P83>=CI$7, $Q83<=CI$8), AND($P83<=CI$7,$Q83>=CI$8)),1,0) -> 0
A84: 7.8 | I84: 10 | J84: =IF(CheckDay>=Q84,1,IF(CheckDay<P84, 0,DAYS360(P84,CheckDay+1)/Y84)) -> 1 | K84: 0 | L84: =I84*J84/100 -> 0.1 | M84: =I84*K84/100 -> 0 | N84: =M84-L84 -> -0.1 | O84: =IF(AND(K84=0%,N84=0),"",IF(N84<0,"지연",IF(K84=100%,"종료","진행"))) -> 지연 | X84: =IF(ISBLANK(V84),"",(DAYS360(VLOOKUP(V84,$A$9:$Q$97,15,FALSE),P84)-1)) | Y84: =NETWORKDAYS(P84,Q84,진행현황_전체!C$59:C$77) -> 0 | AA84: =IF(OR((AND($P84<=AA$7,AND($Q84<=AA$8, $Q84>=AA$7))),(AND(AND($P84>=AA$7, $P84<=AA$8),$Q84>=AA$8)), AND($P84>=AA$7, $Q84<=AA$8), AND($P84<=AA$7,$Q84>=AA$8)),1,0) -> 0 | AB84: =IF(OR((AND($P84<=AB$7,AND($Q84<=AB$8, $Q84>=AB$7))),(AND(AND($P84>=AB$7, $P84<=AB$8),$Q84>=AB$8)), AND($P84>=AB$7, $Q84<=AB$8), AND($P84<=AB$7,$Q84>=AB$8)),1,0) -> 0 | AC84: =IF(OR((AND($P84<=AC$7,AND($Q84<=AC$8, $Q84>=AC$7))),(AND(AND($P84>=AC$7, $P84<=AC$8),$Q84>=AC$8)), AND($P84>=AC$7, $Q84<=AC$8), AND($P84<=AC$7,$Q84>=AC$8)),1,0) -> 0 | AD84: =IF(OR((AND($P84<=AD$7,AND($Q84<=AD$8, $Q84>=AD$7))),(AND(AND($P84>=AD$7, $P84<=AD$8),$Q84>=AD$8)), AND($P84>=AD$7, $Q84<=AD$8), AND($P84<=AD$7,$Q84>=AD$8)),1,0) -> 0 | AE84: =IF(OR((AND($P84<=AE$7,AND($Q84<=AE$8, $Q84>=AE$7))),(AND(AND($P84>=AE$7, $P84<=AE$8),$Q84>=AE$8)), AND($P84>=AE$7, $Q84<=AE$8), AND($P84<=AE$7,$Q84>=AE$8)),1,0) -> 0 | AF84: =IF(OR((AND($P84<=AF$7,AND($Q84<=AF$8, $Q84>=AF$7))),(AND(AND($P84>=AF$7, $P84<=AF$8),$Q84>=AF$8)), AND($P84>=AF$7, $Q84<=AF$8), AND($P84<=AF$7,$Q84>=AF$8)),1,0) -> 0 | AG84: =IF(OR((AND($P84<=AG$7,AND($Q84<=AG$8, $Q84>=AG$7))),(AND(AND($P84>=AG$7, $P84<=AG$8),$Q84>=AG$8)), AND($P84>=AG$7, $Q84<=AG$8), AND($P84<=AG$7,$Q84>=AG$8)),1,0) -> 0 | AH84: =IF(OR((AND($P84<=AH$7,AND($Q84<=AH$8, $Q84>=AH$7))),(AND(AND($P84>=AH$7, $P84<=AH$8),$Q84>=AH$8)), AND($P84>=AH$7, $Q84<=AH$8), AND($P84<=AH$7,$Q84>=AH$8)),1,0) -> 0 | ... CI84: =IF(OR((AND($P84<=CI$7,AND($Q84<=CI$8, $Q84>=CI$7))),(AND(AND($P84>=CI$7, $P84<=CI$8),$Q84>=CI$8)), AND($P84>=CI$7, $Q84<=CI$8), AND($P84<=CI$7,$Q84>=CI$8)),1,0) -> 0
A85: 7.9 | I85: 10 | J85: =IF(CheckDay>=Q85,1,IF(CheckDay<P85, 0,DAYS360(P85,CheckDay+1)/Y85)) -> 1 | K85: 0 | L85: =I85*J85/100 -> 0.1 | M85: =I85*K85/100 -> 0 | N85: =M85-L85 -> -0.1 | O85: =IF(AND(K85=0%,N85=0),"",IF(N85<0,"지연",IF(K85=100%,"종료","진행"))) -> 지연 | X85: =IF(ISBLANK(V85),"",(DAYS360(VLOOKUP(V85,$A$9:$Q$97,15,FALSE),P85)-1)) | Y85: =NETWORKDAYS(P85,Q85,진행현황_전체!C$59:C$77) -> 0 | AA85: =IF(OR((AND($P85<=AA$7,AND($Q85<=AA$8, $Q85>=AA$7))),(AND(AND($P85>=AA$7, $P85<=AA$8),$Q85>=AA$8)), AND($P85>=AA$7, $Q85<=AA$8), AND($P85<=AA$7,$Q85>=AA$8)),1,0) -> 0 | AB85: =IF(OR((AND($P85<=AB$7,AND($Q85<=AB$8, $Q85>=AB$7))),(AND(AND($P85>=AB$7, $P85<=AB$8),$Q85>=AB$8)), AND($P85>=AB$7, $Q85<=AB$8), AND($P85<=AB$7,$Q85>=AB$8)),1,0) -> 0 | AC85: =IF(OR((AND($P85<=AC$7,AND($Q85<=AC$8, $Q85>=AC$7))),(AND(AND($P85>=AC$7, $P85<=AC$8),$Q85>=AC$8)), AND($P85>=AC$7, $Q85<=AC$8), AND($P85<=AC$7,$Q85>=AC$8)),1,0) -> 0 | AD85: =IF(OR((AND($P85<=AD$7,AND($Q85<=AD$8, $Q85>=AD$7))),(AND(AND($P85>=AD$7, $P85<=AD$8),$Q85>=AD$8)), AND($P85>=AD$7, $Q85<=AD$8), AND($P85<=AD$7,$Q85>=AD$8)),1,0) -> 0 | AE85: =IF(OR((AND($P85<=AE$7,AND($Q85<=AE$8, $Q85>=AE$7))),(AND(AND($P85>=AE$7, $P85<=AE$8),$Q85>=AE$8)), AND($P85>=AE$7, $Q85<=AE$8), AND($P85<=AE$7,$Q85>=AE$8)),1,0) -> 0 | AF85: =IF(OR((AND($P85<=AF$7,AND($Q85<=AF$8, $Q85>=AF$7))),(AND(AND($P85>=AF$7, $P85<=AF$8),$Q85>=AF$8)), AND($P85>=AF$7, $Q85<=AF$8), AND($P85<=AF$7,$Q85>=AF$8)),1,0) -> 0 | AG85: =IF(OR((AND($P85<=AG$7,AND($Q85<=AG$8, $Q85>=AG$7))),(AND(AND($P85>=AG$7, $P85<=AG$8),$Q85>=AG$8)), AND($P85>=AG$7, $Q85<=AG$8), AND($P85<=AG$7,$Q85>=AG$8)),1,0) -> 0 | AH85: =IF(OR((AND($P85<=AH$7,AND($Q85<=AH$8, $Q85>=AH$7))),(AND(AND($P85>=AH$7, $P85<=AH$8),$Q85>=AH$8)), AND($P85>=AH$7, $Q85<=AH$8), AND($P85<=AH$7,$Q85>=AH$8)),1,0) -> 0 | ... CI85: =IF(OR((AND($P85<=CI$7,AND($Q85<=CI$8, $Q85>=CI$7))),(AND(AND($P85>=CI$7, $P85<=CI$8),$Q85>=CI$8)), AND($P85>=CI$7, $Q85<=CI$8), AND($P85<=CI$7,$Q85>=CI$8)),1,0) -> 0
A86: 7.10 | I86: 10 | J86: =IF(CheckDay>=Q86,1,IF(CheckDay<P86, 0,DAYS360(P86,CheckDay+1)/Y86)) -> 1 | K86: 0 | L86: =I86*J86/100 -> 0.1 | M86: =I86*K86/100 -> 0 | N86: =M86-L86 -> -0.1 | O86: =IF(AND(K86=0%,N86=0),"",IF(N86<0,"지연",IF(K86=100%,"종료","진행"))) -> 지연 | X86: =IF(ISBLANK(V86),"",(DAYS360(VLOOKUP(V86,$A$9:$Q$97,15,FALSE),P86)-1)) | Y86: =NETWORKDAYS(P86,Q86,진행현황_전체!C$59:C$77) -> 0 | AA86: =IF(OR((AND($P86<=AA$7,AND($Q86<=AA$8, $Q86>=AA$7))),(AND(AND($P86>=AA$7, $P86<=AA$8),$Q86>=AA$8)), AND($P86>=AA$7, $Q86<=AA$8), AND($P86<=AA$7,$Q86>=AA$8)),1,0) -> 0 | AB86: =IF(OR((AND($P86<=AB$7,AND($Q86<=AB$8, $Q86>=AB$7))),(AND(AND($P86>=AB$7, $P86<=AB$8),$Q86>=AB$8)), AND($P86>=AB$7, $Q86<=AB$8), AND($P86<=AB$7,$Q86>=AB$8)),1,0) -> 0 | AC86: =IF(OR((AND($P86<=AC$7,AND($Q86<=AC$8, $Q86>=AC$7))),(AND(AND($P86>=AC$7, $P86<=AC$8),$Q86>=AC$8)), AND($P86>=AC$7, $Q86<=AC$8), AND($P86<=AC$7,$Q86>=AC$8)),1,0) -> 0 | AD86: =IF(OR((AND($P86<=AD$7,AND($Q86<=AD$8, $Q86>=AD$7))),(AND(AND($P86>=AD$7, $P86<=AD$8),$Q86>=AD$8)), AND($P86>=AD$7, $Q86<=AD$8), AND($P86<=AD$7,$Q86>=AD$8)),1,0) -> 0 | AE86: =IF(OR((AND($P86<=AE$7,AND($Q86<=AE$8, $Q86>=AE$7))),(AND(AND($P86>=AE$7, $P86<=AE$8),$Q86>=AE$8)), AND($P86>=AE$7, $Q86<=AE$8), AND($P86<=AE$7,$Q86>=AE$8)),1,0) -> 0 | AF86: =IF(OR((AND($P86<=AF$7,AND($Q86<=AF$8, $Q86>=AF$7))),(AND(AND($P86>=AF$7, $P86<=AF$8),$Q86>=AF$8)), AND($P86>=AF$7, $Q86<=AF$8), AND($P86<=AF$7,$Q86>=AF$8)),1,0) -> 0 | AG86: =IF(OR((AND($P86<=AG$7,AND($Q86<=AG$8, $Q86>=AG$7))),(AND(AND($P86>=AG$7, $P86<=AG$8),$Q86>=AG$8)), AND($P86>=AG$7, $Q86<=AG$8), AND($P86<=AG$7,$Q86>=AG$8)),1,0) -> 0 | AH86: =IF(OR((AND($P86<=AH$7,AND($Q86<=AH$8, $Q86>=AH$7))),(AND(AND($P86>=AH$7, $P86<=AH$8),$Q86>=AH$8)), AND($P86>=AH$7, $Q86<=AH$8), AND($P86<=AH$7,$Q86>=AH$8)),1,0) -> 0 | ... CI86: =IF(OR((AND($P86<=CI$7,AND($Q86<=CI$8, $Q86>=CI$7))),(AND(AND($P86>=CI$7, $P86<=CI$8),$Q86>=CI$8)), AND($P86>=CI$7, $Q86<=CI$8), AND($P86<=CI$7,$Q86>=CI$8)),1,0) -> 0
A87: 8 | B87: =진행현황_01.범위명!I15 -> 단계8 | H87: =SUM(I88:I97) -> 100 | I87: =진행현황_01.범위명!I16 -> 15 | J87: =SUM(L88:L97) -> 1 | K87: =SUM(M88:M97) -> 0 | L87: =SUM(L88:L97)*I87 -> 15 | M87: =SUM(M88:M97)*I87 -> 0 | N87: =M87-L87 -> -15 | P87: =MIN(P88:P97) -> 0 | Q87: =MAX(Q88:Q97) -> 0 | S87: =MIN(S88:S97) -> 0 | T87: =MAX(T88:T97) -> 0 | X87: =IF(ISBLANK(V87),"",(DAYS360(VLOOKUP(V87,$A$9:$Q$97,15,FALSE),P87)-1)) | Y87: =NETWORKDAYS(P87,Q87,진행현황_전체!C$59:C$77) -> 0
A88: 8.1 | I88: 10 | J88: =IF(CheckDay>=Q88,1,IF(CheckDay<P88, 0,DAYS360(P88,CheckDay+1)/Y88)) -> 1 | K88: 0 | L88: =I88*J88/100 -> 0.1 | M88: =I88*K88/100 -> 0 | N88: =M88-L88 -> -0.1 | O88: =IF(AND(K88=0%,N88=0),"",IF(N88<0,"지연",IF(K88=100%,"종료","진행"))) -> 지연 | X88: =IF(ISBLANK(V88),"",(DAYS360(VLOOKUP(V88,$A$9:$Q$97,15,FALSE),P88)-1)) | Y88: =NETWORKDAYS(P88,Q88,진행현황_전체!C$59:C$77) -> 0 | AA88: =IF(OR((AND($P88<=AA$7,AND($Q88<=AA$8, $Q88>=AA$7))),(AND(AND($P88>=AA$7, $P88<=AA$8),$Q88>=AA$8)), AND($P88>=AA$7, $Q88<=AA$8), AND($P88<=AA$7,$Q88>=AA$8)),1,0) -> 0 | AB88: =IF(OR((AND($P88<=AB$7,AND($Q88<=AB$8, $Q88>=AB$7))),(AND(AND($P88>=AB$7, $P88<=AB$8),$Q88>=AB$8)), AND($P88>=AB$7, $Q88<=AB$8), AND($P88<=AB$7,$Q88>=AB$8)),1,0) -> 0 | AC88: =IF(OR((AND($P88<=AC$7,AND($Q88<=AC$8, $Q88>=AC$7))),(AND(AND($P88>=AC$7, $P88<=AC$8),$Q88>=AC$8)), AND($P88>=AC$7, $Q88<=AC$8), AND($P88<=AC$7,$Q88>=AC$8)),1,0) -> 0 | AD88: =IF(OR((AND($P88<=AD$7,AND($Q88<=AD$8, $Q88>=AD$7))),(AND(AND($P88>=AD$7, $P88<=AD$8),$Q88>=AD$8)), AND($P88>=AD$7, $Q88<=AD$8), AND($P88<=AD$7,$Q88>=AD$8)),1,0) -> 0 | AE88: =IF(OR((AND($P88<=AE$7,AND($Q88<=AE$8, $Q88>=AE$7))),(AND(AND($P88>=AE$7, $P88<=AE$8),$Q88>=AE$8)), AND($P88>=AE$7, $Q88<=AE$8), AND($P88<=AE$7,$Q88>=AE$8)),1,0) -> 0 | AF88: =IF(OR((AND($P88<=AF$7,AND($Q88<=AF$8, $Q88>=AF$7))),(AND(AND($P88>=AF$7, $P88<=AF$8),$Q88>=AF$8)), AND($P88>=AF$7, $Q88<=AF$8), AND($P88<=AF$7,$Q88>=AF$8)),1,0) -> 0 | AG88: =IF(OR((AND($P88<=AG$7,AND($Q88<=AG$8, $Q88>=AG$7))),(AND(AND($P88>=AG$7, $P88<=AG$8),$Q88>=AG$8)), AND($P88>=AG$7, $Q88<=AG$8), AND($P88<=AG$7,$Q88>=AG$8)),1,0) -> 0 | AH88: =IF(OR((AND($P88<=AH$7,AND($Q88<=AH$8, $Q88>=AH$7))),(AND(AND($P88>=AH$7, $P88<=AH$8),$Q88>=AH$8)), AND($P88>=AH$7, $Q88<=AH$8), AND($P88<=AH$7,$Q88>=AH$8)),1,0) -> 0 | ... CI88: =IF(OR((AND($P88<=CI$7,AND($Q88<=CI$8, $Q88>=CI$7))),(AND(AND($P88>=CI$7, $P88<=CI$8),$Q88>=CI$8)), AND($P88>=CI$7, $Q88<=CI$8), AND($P88<=CI$7,$Q88>=CI$8)),1,0) -> 0
A89: 8.2 | I89: 10 | J89: =IF(CheckDay>=Q89,1,IF(CheckDay<P89, 0,DAYS360(P89,CheckDay+1)/Y89)) -> 1 | K89: 0 | L89: =I89*J89/100 -> 0.1 | M89: =I89*K89/100 -> 0 | N89: =M89-L89 -> -0.1 | O89: =IF(AND(K89=0%,N89=0),"",IF(N89<0,"지연",IF(K89=100%,"종료","진행"))) -> 지연 | X89: =IF(ISBLANK(V89),"",(DAYS360(VLOOKUP(V89,$A$9:$Q$97,15,FALSE),P89)-1)) | Y89: =NETWORKDAYS(P89,Q89,진행현황_전체!C$59:C$77) -> 0 | AA89: =IF(OR((AND($P89<=AA$7,AND($Q89<=AA$8, $Q89>=AA$7))),(AND(AND($P89>=AA$7, $P89<=AA$8),$Q89>=AA$8)), AND($P89>=AA$7, $Q89<=AA$8), AND($P89<=AA$7,$Q89>=AA$8)),1,0) -> 0 | AB89: =IF(OR((AND($P89<=AB$7,AND($Q89<=AB$8, $Q89>=AB$7))),(AND(AND($P89>=AB$7, $P89<=AB$8),$Q89>=AB$8)), AND($P89>=AB$7, $Q89<=AB$8), AND($P89<=AB$7,$Q89>=AB$8)),1,0) -> 0 | AC89: =IF(OR((AND($P89<=AC$7,AND($Q89<=AC$8, $Q89>=AC$7))),(AND(AND($P89>=AC$7, $P89<=AC$8),$Q89>=AC$8)), AND($P89>=AC$7, $Q89<=AC$8), AND($P89<=AC$7,$Q89>=AC$8)),1,0) -> 0 | AD89: =IF(OR((AND($P89<=AD$7,AND($Q89<=AD$8, $Q89>=AD$7))),(AND(AND($P89>=AD$7, $P89<=AD$8),$Q89>=AD$8)), AND($P89>=AD$7, $Q89<=AD$8), AND($P89<=AD$7,$Q89>=AD$8)),1,0) -> 0 | AE89: =IF(OR((AND($P89<=AE$7,AND($Q89<=AE$8, $Q89>=AE$7))),(AND(AND($P89>=AE$7, $P89<=AE$8),$Q89>=AE$8)), AND($P89>=AE$7, $Q89<=AE$8), AND($P89<=AE$7,$Q89>=AE$8)),1,0) -> 0 | AF89: =IF(OR((AND($P89<=AF$7,AND($Q89<=AF$8, $Q89>=AF$7))),(AND(AND($P89>=AF$7, $P89<=AF$8),$Q89>=AF$8)), AND($P89>=AF$7, $Q89<=AF$8), AND($P89<=AF$7,$Q89>=AF$8)),1,0) -> 0 | AG89: =IF(OR((AND($P89<=AG$7,AND($Q89<=AG$8, $Q89>=AG$7))),(AND(AND($P89>=AG$7, $P89<=AG$8),$Q89>=AG$8)), AND($P89>=AG$7, $Q89<=AG$8), AND($P89<=AG$7,$Q89>=AG$8)),1,0) -> 0 | AH89: =IF(OR((AND($P89<=AH$7,AND($Q89<=AH$8, $Q89>=AH$7))),(AND(AND($P89>=AH$7, $P89<=AH$8),$Q89>=AH$8)), AND($P89>=AH$7, $Q89<=AH$8), AND($P89<=AH$7,$Q89>=AH$8)),1,0) -> 0 | ... CI89: =IF(OR((AND($P89<=CI$7,AND($Q89<=CI$8, $Q89>=CI$7))),(AND(AND($P89>=CI$7, $P89<=CI$8),$Q89>=CI$8)), AND($P89>=CI$7, $Q89<=CI$8), AND($P89<=CI$7,$Q89>=CI$8)),1,0) -> 0
A90: 8.3 | I90: 10 | J90: =IF(CheckDay>=Q90,1,IF(CheckDay<P90, 0,DAYS360(P90,CheckDay+1)/Y90)) -> 1 | K90: 0 | L90: =I90*J90/100 -> 0.1 | M90: =I90*K90/100 -> 0 | N90: =M90-L90 -> -0.1 | O90: =IF(AND(K90=0%,N90=0),"",IF(N90<0,"지연",IF(K90=100%,"종료","진행"))) -> 지연 | X90: =IF(ISBLANK(V90),"",(DAYS360(VLOOKUP(V90,$A$9:$Q$97,15,FALSE),P90)-1)) | Y90: =NETWORKDAYS(P90,Q90,진행현황_전체!C$59:C$77) -> 0 | AA90: =IF(OR((AND($P90<=AA$7,AND($Q90<=AA$8, $Q90>=AA$7))),(AND(AND($P90>=AA$7, $P90<=AA$8),$Q90>=AA$8)), AND($P90>=AA$7, $Q90<=AA$8), AND($P90<=AA$7,$Q90>=AA$8)),1,0) -> 0 | AB90: =IF(OR((AND($P90<=AB$7,AND($Q90<=AB$8, $Q90>=AB$7))),(AND(AND($P90>=AB$7, $P90<=AB$8),$Q90>=AB$8)), AND($P90>=AB$7, $Q90<=AB$8), AND($P90<=AB$7,$Q90>=AB$8)),1,0) -> 0 | AC90: =IF(OR((AND($P90<=AC$7,AND($Q90<=AC$8, $Q90>=AC$7))),(AND(AND($P90>=AC$7, $P90<=AC$8),$Q90>=AC$8)), AND($P90>=AC$7, $Q90<=AC$8), AND($P90<=AC$7,$Q90>=AC$8)),1,0) -> 0 | AD90: =IF(OR((AND($P90<=AD$7,AND($Q90<=AD$8, $Q90>=AD$7))),(AND(AND($P90>=AD$7, $P90<=AD$8),$Q90>=AD$8)), AND($P90>=AD$7, $Q90<=AD$8), AND($P90<=AD$7,$Q90>=AD$8)),1,0) -> 0 | AE90: =IF(OR((AND($P90<=AE$7,AND($Q90<=AE$8, $Q90>=AE$7))),(AND(AND($P90>=AE$7, $P90<=AE$8),$Q90>=AE$8)), AND($P90>=AE$7, $Q90<=AE$8), AND($P90<=AE$7,$Q90>=AE$8)),1,0) -> 0 | AF90: =IF(OR((AND($P90<=AF$7,AND($Q90<=AF$8, $Q90>=AF$7))),(AND(AND($P90>=AF$7, $P90<=AF$8),$Q90>=AF$8)), AND($P90>=AF$7, $Q90<=AF$8), AND($P90<=AF$7,$Q90>=AF$8)),1,0) -> 0 | AG90: =IF(OR((AND($P90<=AG$7,AND($Q90<=AG$8, $Q90>=AG$7))),(AND(AND($P90>=AG$7, $P90<=AG$8),$Q90>=AG$8)), AND($P90>=AG$7, $Q90<=AG$8), AND($P90<=AG$7,$Q90>=AG$8)),1,0) -> 0 | AH90: =IF(OR((AND($P90<=AH$7,AND($Q90<=AH$8, $Q90>=AH$7))),(AND(AND($P90>=AH$7, $P90<=AH$8),$Q90>=AH$8)), AND($P90>=AH$7, $Q90<=AH$8), AND($P90<=AH$7,$Q90>=AH$8)),1,0) -> 0 | ... CI90: =IF(OR((AND($P90<=CI$7,AND($Q90<=CI$8, $Q90>=CI$7))),(AND(AND($P90>=CI$7, $P90<=CI$8),$Q90>=CI$8)), AND($P90>=CI$7, $Q90<=CI$8), AND($P90<=CI$7,$Q90>=CI$8)),1,0) -> 0
A91: 8.4 | I91: 10 | J91: =IF(CheckDay>=Q91,1,IF(CheckDay<P91, 0,DAYS360(P91,CheckDay+1)/Y91)) -> 1 | K91: 0 | L91: =I91*J91/100 -> 0.1 | M91: =I91*K91/100 -> 0 | N91: =M91-L91 -> -0.1 | O91: =IF(AND(K91=0%,N91=0),"",IF(N91<0,"지연",IF(K91=100%,"종료","진행"))) -> 지연 | X91: =IF(ISBLANK(V91),"",(DAYS360(VLOOKUP(V91,$A$9:$Q$97,15,FALSE),P91)-1)) | Y91: =NETWORKDAYS(P91,Q91,진행현황_전체!C$59:C$77) -> 0 | AA91: =IF(OR((AND($P91<=AA$7,AND($Q91<=AA$8, $Q91>=AA$7))),(AND(AND($P91>=AA$7, $P91<=AA$8),$Q91>=AA$8)), AND($P91>=AA$7, $Q91<=AA$8), AND($P91<=AA$7,$Q91>=AA$8)),1,0) -> 0 | AB91: =IF(OR((AND($P91<=AB$7,AND($Q91<=AB$8, $Q91>=AB$7))),(AND(AND($P91>=AB$7, $P91<=AB$8),$Q91>=AB$8)), AND($P91>=AB$7, $Q91<=AB$8), AND($P91<=AB$7,$Q91>=AB$8)),1,0) -> 0 | AC91: =IF(OR((AND($P91<=AC$7,AND($Q91<=AC$8, $Q91>=AC$7))),(AND(AND($P91>=AC$7, $P91<=AC$8),$Q91>=AC$8)), AND($P91>=AC$7, $Q91<=AC$8), AND($P91<=AC$7,$Q91>=AC$8)),1,0) -> 0 | AD91: =IF(OR((AND($P91<=AD$7,AND($Q91<=AD$8, $Q91>=AD$7))),(AND(AND($P91>=AD$7, $P91<=AD$8),$Q91>=AD$8)), AND($P91>=AD$7, $Q91<=AD$8), AND($P91<=AD$7,$Q91>=AD$8)),1,0) -> 0 | AE91: =IF(OR((AND($P91<=AE$7,AND($Q91<=AE$8, $Q91>=AE$7))),(AND(AND($P91>=AE$7, $P91<=AE$8),$Q91>=AE$8)), AND($P91>=AE$7, $Q91<=AE$8), AND($P91<=AE$7,$Q91>=AE$8)),1,0) -> 0 | AF91: =IF(OR((AND($P91<=AF$7,AND($Q91<=AF$8, $Q91>=AF$7))),(AND(AND($P91>=AF$7, $P91<=AF$8),$Q91>=AF$8)), AND($P91>=AF$7, $Q91<=AF$8), AND($P91<=AF$7,$Q91>=AF$8)),1,0) -> 0 | AG91: =IF(OR((AND($P91<=AG$7,AND($Q91<=AG$8, $Q91>=AG$7))),(AND(AND($P91>=AG$7, $P91<=AG$8),$Q91>=AG$8)), AND($P91>=AG$7, $Q91<=AG$8), AND($P91<=AG$7,$Q91>=AG$8)),1,0) -> 0 | AH91: =IF(OR((AND($P91<=AH$7,AND($Q91<=AH$8, $Q91>=AH$7))),(AND(AND($P91>=AH$7, $P91<=AH$8),$Q91>=AH$8)), AND($P91>=AH$7, $Q91<=AH$8), AND($P91<=AH$7,$Q91>=AH$8)),1,0) -> 0 | ... CI91: =IF(OR((AND($P91<=CI$7,AND($Q91<=CI$8, $Q91>=CI$7))),(AND(AND($P91>=CI$7, $P91<=CI$8),$Q91>=CI$8)), AND($P91>=CI$7, $Q91<=CI$8), AND($P91<=CI$7,$Q91>=CI$8)),1,0) -> 0
A92: 8.5 | I92: 10 | J92: =IF(CheckDay>=Q92,1,IF(CheckDay<P92, 0,DAYS360(P92,CheckDay+1)/Y92)) -> 1 | K92: 0 | L92: =I92*J92/100 -> 0.1 | M92: =I92*K92/100 -> 0 | N92: =M92-L92 -> -0.1 | O92: =IF(AND(K92=0%,N92=0),"",IF(N92<0,"지연",IF(K92=100%,"종료","진행"))) -> 지연 | X92: =IF(ISBLANK(V92),"",(DAYS360(VLOOKUP(V92,$A$9:$Q$97,15,FALSE),P92)-1)) | Y92: =NETWORKDAYS(P92,Q92,진행현황_전체!C$59:C$77) -> 0 | AA92: =IF(OR((AND($P92<=AA$7,AND($Q92<=AA$8, $Q92>=AA$7))),(AND(AND($P92>=AA$7, $P92<=AA$8),$Q92>=AA$8)), AND($P92>=AA$7, $Q92<=AA$8), AND($P92<=AA$7,$Q92>=AA$8)),1,0) -> 0 | AB92: =IF(OR((AND($P92<=AB$7,AND($Q92<=AB$8, $Q92>=AB$7))),(AND(AND($P92>=AB$7, $P92<=AB$8),$Q92>=AB$8)), AND($P92>=AB$7, $Q92<=AB$8), AND($P92<=AB$7,$Q92>=AB$8)),1,0) -> 0 | AC92: =IF(OR((AND($P92<=AC$7,AND($Q92<=AC$8, $Q92>=AC$7))),(AND(AND($P92>=AC$7, $P92<=AC$8),$Q92>=AC$8)), AND($P92>=AC$7, $Q92<=AC$8), AND($P92<=AC$7,$Q92>=AC$8)),1,0) -> 0 | AD92: =IF(OR((AND($P92<=AD$7,AND($Q92<=AD$8, $Q92>=AD$7))),(AND(AND($P92>=AD$7, $P92<=AD$8),$Q92>=AD$8)), AND($P92>=AD$7, $Q92<=AD$8), AND($P92<=AD$7,$Q92>=AD$8)),1,0) -> 0 | AE92: =IF(OR((AND($P92<=AE$7,AND($Q92<=AE$8, $Q92>=AE$7))),(AND(AND($P92>=AE$7, $P92<=AE$8),$Q92>=AE$8)), AND($P92>=AE$7, $Q92<=AE$8), AND($P92<=AE$7,$Q92>=AE$8)),1,0) -> 0 | AF92: =IF(OR((AND($P92<=AF$7,AND($Q92<=AF$8, $Q92>=AF$7))),(AND(AND($P92>=AF$7, $P92<=AF$8),$Q92>=AF$8)), AND($P92>=AF$7, $Q92<=AF$8), AND($P92<=AF$7,$Q92>=AF$8)),1,0) -> 0 | AG92: =IF(OR((AND($P92<=AG$7,AND($Q92<=AG$8, $Q92>=AG$7))),(AND(AND($P92>=AG$7, $P92<=AG$8),$Q92>=AG$8)), AND($P92>=AG$7, $Q92<=AG$8), AND($P92<=AG$7,$Q92>=AG$8)),1,0) -> 0 | AH92: =IF(OR((AND($P92<=AH$7,AND($Q92<=AH$8, $Q92>=AH$7))),(AND(AND($P92>=AH$7, $P92<=AH$8),$Q92>=AH$8)), AND($P92>=AH$7, $Q92<=AH$8), AND($P92<=AH$7,$Q92>=AH$8)),1,0) -> 0 | ... CI92: =IF(OR((AND($P92<=CI$7,AND($Q92<=CI$8, $Q92>=CI$7))),(AND(AND($P92>=CI$7, $P92<=CI$8),$Q92>=CI$8)), AND($P92>=CI$7, $Q92<=CI$8), AND($P92<=CI$7,$Q92>=CI$8)),1,0) -> 0
A93: 8.6 | I93: 10 | J93: =IF(CheckDay>=Q93,1,IF(CheckDay<P93, 0,DAYS360(P93,CheckDay+1)/Y93)) -> 1 | K93: 0 | L93: =I93*J93/100 -> 0.1 | M93: =I93*K93/100 -> 0 | N93: =M93-L93 -> -0.1 | O93: =IF(AND(K93=0%,N93=0),"",IF(N93<0,"지연",IF(K93=100%,"종료","진행"))) -> 지연 | X93: =IF(ISBLANK(V93),"",(DAYS360(VLOOKUP(V93,$A$9:$Q$97,15,FALSE),P93)-1)) | Y93: =NETWORKDAYS(P93,Q93,진행현황_전체!C$59:C$77) -> 0 | AA93: =IF(OR((AND($P93<=AA$7,AND($Q93<=AA$8, $Q93>=AA$7))),(AND(AND($P93>=AA$7, $P93<=AA$8),$Q93>=AA$8)), AND($P93>=AA$7, $Q93<=AA$8), AND($P93<=AA$7,$Q93>=AA$8)),1,0) -> 0 | AB93: =IF(OR((AND($P93<=AB$7,AND($Q93<=AB$8, $Q93>=AB$7))),(AND(AND($P93>=AB$7, $P93<=AB$8),$Q93>=AB$8)), AND($P93>=AB$7, $Q93<=AB$8), AND($P93<=AB$7,$Q93>=AB$8)),1,0) -> 0 | AC93: =IF(OR((AND($P93<=AC$7,AND($Q93<=AC$8, $Q93>=AC$7))),(AND(AND($P93>=AC$7, $P93<=AC$8),$Q93>=AC$8)), AND($P93>=AC$7, $Q93<=AC$8), AND($P93<=AC$7,$Q93>=AC$8)),1,0) -> 0 | AD93: =IF(OR((AND($P93<=AD$7,AND($Q93<=AD$8, $Q93>=AD$7))),(AND(AND($P93>=AD$7, $P93<=AD$8),$Q93>=AD$8)), AND($P93>=AD$7, $Q93<=AD$8), AND($P93<=AD$7,$Q93>=AD$8)),1,0) -> 0 | AE93: =IF(OR((AND($P93<=AE$7,AND($Q93<=AE$8, $Q93>=AE$7))),(AND(AND($P93>=AE$7, $P93<=AE$8),$Q93>=AE$8)), AND($P93>=AE$7, $Q93<=AE$8), AND($P93<=AE$7,$Q93>=AE$8)),1,0) -> 0 | AF93: =IF(OR((AND($P93<=AF$7,AND($Q93<=AF$8, $Q93>=AF$7))),(AND(AND($P93>=AF$7, $P93<=AF$8),$Q93>=AF$8)), AND($P93>=AF$7, $Q93<=AF$8), AND($P93<=AF$7,$Q93>=AF$8)),1,0) -> 0 | AG93: =IF(OR((AND($P93<=AG$7,AND($Q93<=AG$8, $Q93>=AG$7))),(AND(AND($P93>=AG$7, $P93<=AG$8),$Q93>=AG$8)), AND($P93>=AG$7, $Q93<=AG$8), AND($P93<=AG$7,$Q93>=AG$8)),1,0) -> 0 | AH93: =IF(OR((AND($P93<=AH$7,AND($Q93<=AH$8, $Q93>=AH$7))),(AND(AND($P93>=AH$7, $P93<=AH$8),$Q93>=AH$8)), AND($P93>=AH$7, $Q93<=AH$8), AND($P93<=AH$7,$Q93>=AH$8)),1,0) -> 0 | ... CI93: =IF(OR((AND($P93<=CI$7,AND($Q93<=CI$8, $Q93>=CI$7))),(AND(AND($P93>=CI$7, $P93<=CI$8),$Q93>=CI$8)), AND($P93>=CI$7, $Q93<=CI$8), AND($P93<=CI$7,$Q93>=CI$8)),1,0) -> 0
A94: 8.7 | I94: 10 | J94: =IF(CheckDay>=Q94,1,IF(CheckDay<P94, 0,DAYS360(P94,CheckDay+1)/Y94)) -> 1 | K94: 0 | L94: =I94*J94/100 -> 0.1 | M94: =I94*K94/100 -> 0 | N94: =M94-L94 -> -0.1 | O94: =IF(AND(K94=0%,N94=0),"",IF(N94<0,"지연",IF(K94=100%,"종료","진행"))) -> 지연 | X94: =IF(ISBLANK(V94),"",(DAYS360(VLOOKUP(V94,$A$9:$Q$97,15,FALSE),P94)-1)) | Y94: =NETWORKDAYS(P94,Q94,진행현황_전체!C$59:C$77) -> 0 | AA94: =IF(OR((AND($P94<=AA$7,AND($Q94<=AA$8, $Q94>=AA$7))),(AND(AND($P94>=AA$7, $P94<=AA$8),$Q94>=AA$8)), AND($P94>=AA$7, $Q94<=AA$8), AND($P94<=AA$7,$Q94>=AA$8)),1,0) -> 0 | AB94: =IF(OR((AND($P94<=AB$7,AND($Q94<=AB$8, $Q94>=AB$7))),(AND(AND($P94>=AB$7, $P94<=AB$8),$Q94>=AB$8)), AND($P94>=AB$7, $Q94<=AB$8), AND($P94<=AB$7,$Q94>=AB$8)),1,0) -> 0 | AC94: =IF(OR((AND($P94<=AC$7,AND($Q94<=AC$8, $Q94>=AC$7))),(AND(AND($P94>=AC$7, $P94<=AC$8),$Q94>=AC$8)), AND($P94>=AC$7, $Q94<=AC$8), AND($P94<=AC$7,$Q94>=AC$8)),1,0) -> 0 | AD94: =IF(OR((AND($P94<=AD$7,AND($Q94<=AD$8, $Q94>=AD$7))),(AND(AND($P94>=AD$7, $P94<=AD$8),$Q94>=AD$8)), AND($P94>=AD$7, $Q94<=AD$8), AND($P94<=AD$7,$Q94>=AD$8)),1,0) -> 0 | AE94: =IF(OR((AND($P94<=AE$7,AND($Q94<=AE$8, $Q94>=AE$7))),(AND(AND($P94>=AE$7, $P94<=AE$8),$Q94>=AE$8)), AND($P94>=AE$7, $Q94<=AE$8), AND($P94<=AE$7,$Q94>=AE$8)),1,0) -> 0 | AF94: =IF(OR((AND($P94<=AF$7,AND($Q94<=AF$8, $Q94>=AF$7))),(AND(AND($P94>=AF$7, $P94<=AF$8),$Q94>=AF$8)), AND($P94>=AF$7, $Q94<=AF$8), AND($P94<=AF$7,$Q94>=AF$8)),1,0) -> 0 | AG94: =IF(OR((AND($P94<=AG$7,AND($Q94<=AG$8, $Q94>=AG$7))),(AND(AND($P94>=AG$7, $P94<=AG$8),$Q94>=AG$8)), AND($P94>=AG$7, $Q94<=AG$8), AND($P94<=AG$7,$Q94>=AG$8)),1,0) -> 0 | AH94: =IF(OR((AND($P94<=AH$7,AND($Q94<=AH$8, $Q94>=AH$7))),(AND(AND($P94>=AH$7, $P94<=AH$8),$Q94>=AH$8)), AND($P94>=AH$7, $Q94<=AH$8), AND($P94<=AH$7,$Q94>=AH$8)),1,0) -> 0 | ... CI94: =IF(OR((AND($P94<=CI$7,AND($Q94<=CI$8, $Q94>=CI$7))),(AND(AND($P94>=CI$7, $P94<=CI$8),$Q94>=CI$8)), AND($P94>=CI$7, $Q94<=CI$8), AND($P94<=CI$7,$Q94>=CI$8)),1,0) -> 0
A95: 8.8 | I95: 10 | J95: =IF(CheckDay>=Q95,1,IF(CheckDay<P95, 0,DAYS360(P95,CheckDay+1)/Y95)) -> 1 | K95: 0 | L95: =I95*J95/100 -> 0.1 | M95: =I95*K95/100 -> 0 | N95: =M95-L95 -> -0.1 | O95: =IF(AND(K95=0%,N95=0),"",IF(N95<0,"지연",IF(K95=100%,"종료","진행"))) -> 지연 | X95: =IF(ISBLANK(V95),"",(DAYS360(VLOOKUP(V95,$A$9:$Q$97,15,FALSE),P95)-1)) | Y95: =NETWORKDAYS(P95,Q95,진행현황_전체!C$59:C$77) -> 0 | AA95: =IF(OR((AND($P95<=AA$7,AND($Q95<=AA$8, $Q95>=AA$7))),(AND(AND($P95>=AA$7, $P95<=AA$8),$Q95>=AA$8)), AND($P95>=AA$7, $Q95<=AA$8), AND($P95<=AA$7,$Q95>=AA$8)),1,0) -> 0 | AB95: =IF(OR((AND($P95<=AB$7,AND($Q95<=AB$8, $Q95>=AB$7))),(AND(AND($P95>=AB$7, $P95<=AB$8),$Q95>=AB$8)), AND($P95>=AB$7, $Q95<=AB$8), AND($P95<=AB$7,$Q95>=AB$8)),1,0) -> 0 | AC95: =IF(OR((AND($P95<=AC$7,AND($Q95<=AC$8, $Q95>=AC$7))),(AND(AND($P95>=AC$7, $P95<=AC$8),$Q95>=AC$8)), AND($P95>=AC$7, $Q95<=AC$8), AND($P95<=AC$7,$Q95>=AC$8)),1,0) -> 0 | AD95: =IF(OR((AND($P95<=AD$7,AND($Q95<=AD$8, $Q95>=AD$7))),(AND(AND($P95>=AD$7, $P95<=AD$8),$Q95>=AD$8)), AND($P95>=AD$7, $Q95<=AD$8), AND($P95<=AD$7,$Q95>=AD$8)),1,0) -> 0 | AE95: =IF(OR((AND($P95<=AE$7,AND($Q95<=AE$8, $Q95>=AE$7))),(AND(AND($P95>=AE$7, $P95<=AE$8),$Q95>=AE$8)), AND($P95>=AE$7, $Q95<=AE$8), AND($P95<=AE$7,$Q95>=AE$8)),1,0) -> 0 | AF95: =IF(OR((AND($P95<=AF$7,AND($Q95<=AF$8, $Q95>=AF$7))),(AND(AND($P95>=AF$7, $P95<=AF$8),$Q95>=AF$8)), AND($P95>=AF$7, $Q95<=AF$8), AND($P95<=AF$7,$Q95>=AF$8)),1,0) -> 0 | AG95: =IF(OR((AND($P95<=AG$7,AND($Q95<=AG$8, $Q95>=AG$7))),(AND(AND($P95>=AG$7, $P95<=AG$8),$Q95>=AG$8)), AND($P95>=AG$7, $Q95<=AG$8), AND($P95<=AG$7,$Q95>=AG$8)),1,0) -> 0 | AH95: =IF(OR((AND($P95<=AH$7,AND($Q95<=AH$8, $Q95>=AH$7))),(AND(AND($P95>=AH$7, $P95<=AH$8),$Q95>=AH$8)), AND($P95>=AH$7, $Q95<=AH$8), AND($P95<=AH$7,$Q95>=AH$8)),1,0) -> 0 | ... CI95: =IF(OR((AND($P95<=CI$7,AND($Q95<=CI$8, $Q95>=CI$7))),(AND(AND($P95>=CI$7, $P95<=CI$8),$Q95>=CI$8)), AND($P95>=CI$7, $Q95<=CI$8), AND($P95<=CI$7,$Q95>=CI$8)),1,0) -> 0
A96: 8.9 | I96: 10 | J96: =IF(CheckDay>=Q96,1,IF(CheckDay<P96, 0,DAYS360(P96,CheckDay+1)/Y96)) -> 1 | K96: 0 | L96: =I96*J96/100 -> 0.1 | M96: =I96*K96/100 -> 0 | N96: =M96-L96 -> -0.1 | O96: =IF(AND(K96=0%,N96=0),"",IF(N96<0,"지연",IF(K96=100%,"종료","진행"))) -> 지연 | X96: =IF(ISBLANK(V96),"",(DAYS360(VLOOKUP(V96,$A$9:$Q$97,15,FALSE),P96)-1)) | Y96: =NETWORKDAYS(P96,Q96,진행현황_전체!C$59:C$77) -> 0 | AA96: =IF(OR((AND($P96<=AA$7,AND($Q96<=AA$8, $Q96>=AA$7))),(AND(AND($P96>=AA$7, $P96<=AA$8),$Q96>=AA$8)), AND($P96>=AA$7, $Q96<=AA$8), AND($P96<=AA$7,$Q96>=AA$8)),1,0) -> 0 | AB96: =IF(OR((AND($P96<=AB$7,AND($Q96<=AB$8, $Q96>=AB$7))),(AND(AND($P96>=AB$7, $P96<=AB$8),$Q96>=AB$8)), AND($P96>=AB$7, $Q96<=AB$8), AND($P96<=AB$7,$Q96>=AB$8)),1,0) -> 0 | AC96: =IF(OR((AND($P96<=AC$7,AND($Q96<=AC$8, $Q96>=AC$7))),(AND(AND($P96>=AC$7, $P96<=AC$8),$Q96>=AC$8)), AND($P96>=AC$7, $Q96<=AC$8), AND($P96<=AC$7,$Q96>=AC$8)),1,0) -> 0 | AD96: =IF(OR((AND($P96<=AD$7,AND($Q96<=AD$8, $Q96>=AD$7))),(AND(AND($P96>=AD$7, $P96<=AD$8),$Q96>=AD$8)), AND($P96>=AD$7, $Q96<=AD$8), AND($P96<=AD$7,$Q96>=AD$8)),1,0) -> 0 | AE96: =IF(OR((AND($P96<=AE$7,AND($Q96<=AE$8, $Q96>=AE$7))),(AND(AND($P96>=AE$7, $P96<=AE$8),$Q96>=AE$8)), AND($P96>=AE$7, $Q96<=AE$8), AND($P96<=AE$7,$Q96>=AE$8)),1,0) -> 0 | AF96: =IF(OR((AND($P96<=AF$7,AND($Q96<=AF$8, $Q96>=AF$7))),(AND(AND($P96>=AF$7, $P96<=AF$8),$Q96>=AF$8)), AND($P96>=AF$7, $Q96<=AF$8), AND($P96<=AF$7,$Q96>=AF$8)),1,0) -> 0 | AG96: =IF(OR((AND($P96<=AG$7,AND($Q96<=AG$8, $Q96>=AG$7))),(AND(AND($P96>=AG$7, $P96<=AG$8),$Q96>=AG$8)), AND($P96>=AG$7, $Q96<=AG$8), AND($P96<=AG$7,$Q96>=AG$8)),1,0) -> 0 | AH96: =IF(OR((AND($P96<=AH$7,AND($Q96<=AH$8, $Q96>=AH$7))),(AND(AND($P96>=AH$7, $P96<=AH$8),$Q96>=AH$8)), AND($P96>=AH$7, $Q96<=AH$8), AND($P96<=AH$7,$Q96>=AH$8)),1,0) -> 0 | ... CI96: =IF(OR((AND($P96<=CI$7,AND($Q96<=CI$8, $Q96>=CI$7))),(AND(AND($P96>=CI$7, $P96<=CI$8),$Q96>=CI$8)), AND($P96>=CI$7, $Q96<=CI$8), AND($P96<=CI$7,$Q96>=CI$8)),1,0) -> 0
A97: 8.10 | I97: 10 | J97: =IF(CheckDay>=Q97,1,IF(CheckDay<P97, 0,DAYS360(P97,CheckDay+1)/Y97)) -> 1 | K97: 0 | L97: =I97*J97/100 -> 0.1 | M97: =I97*K97/100 -> 0 | N97: =M97-L97 -> -0.1 | O97: =IF(AND(K97=0%,N97=0),"",IF(N97<0,"지연",IF(K97=100%,"종료","진행"))) -> 지연 | X97: =IF(ISBLANK(V97),"",(DAYS360(VLOOKUP(V97,$A$9:$Q$97,15,FALSE),P97)-1)) | Y97: =NETWORKDAYS(P97,Q97,진행현황_전체!C$59:C$77) -> 0 | AA97: =IF(OR((AND($P97<=AA$7,AND($Q97<=AA$8, $Q97>=AA$7))),(AND(AND($P97>=AA$7, $P97<=AA$8),$Q97>=AA$8)), AND($P97>=AA$7, $Q97<=AA$8), AND($P97<=AA$7,$Q97>=AA$8)),1,0) -> 0 | AB97: =IF(OR((AND($P97<=AB$7,AND($Q97<=AB$8, $Q97>=AB$7))),(AND(AND($P97>=AB$7, $P97<=AB$8),$Q97>=AB$8)), AND($P97>=AB$7, $Q97<=AB$8), AND($P97<=AB$7,$Q97>=AB$8)),1,0) -> 0 | AC97: =IF(OR((AND($P97<=AC$7,AND($Q97<=AC$8, $Q97>=AC$7))),(AND(AND($P97>=AC$7, $P97<=AC$8),$Q97>=AC$8)), AND($P97>=AC$7, $Q97<=AC$8), AND($P97<=AC$7,$Q97>=AC$8)),1,0) -> 0 | AD97: =IF(OR((AND($P97<=AD$7,AND($Q97<=AD$8, $Q97>=AD$7))),(AND(AND($P97>=AD$7, $P97<=AD$8),$Q97>=AD$8)), AND($P97>=AD$7, $Q97<=AD$8), AND($P97<=AD$7,$Q97>=AD$8)),1,0) -> 0 | AE97: =IF(OR((AND($P97<=AE$7,AND($Q97<=AE$8, $Q97>=AE$7))),(AND(AND($P97>=AE$7, $P97<=AE$8),$Q97>=AE$8)), AND($P97>=AE$7, $Q97<=AE$8), AND($P97<=AE$7,$Q97>=AE$8)),1,0) -> 0 | AF97: =IF(OR((AND($P97<=AF$7,AND($Q97<=AF$8, $Q97>=AF$7))),(AND(AND($P97>=AF$7, $P97<=AF$8),$Q97>=AF$8)), AND($P97>=AF$7, $Q97<=AF$8), AND($P97<=AF$7,$Q97>=AF$8)),1,0) -> 0 | AG97: =IF(OR((AND($P97<=AG$7,AND($Q97<=AG$8, $Q97>=AG$7))),(AND(AND($P97>=AG$7, $P97<=AG$8),$Q97>=AG$8)), AND($P97>=AG$7, $Q97<=AG$8), AND($P97<=AG$7,$Q97>=AG$8)),1,0) -> 0 | AH97: =IF(OR((AND($P97<=AH$7,AND($Q97<=AH$8, $Q97>=AH$7))),(AND(AND($P97>=AH$7, $P97<=AH$8),$Q97>=AH$8)), AND($P97>=AH$7, $Q97<=AH$8), AND($P97<=AH$7,$Q97>=AH$8)),1,0) -> 0 | ... CI97: =IF(OR((AND($P97<=CI$7,AND($Q97<=CI$8, $Q97>=CI$7))),(AND(AND($P97>=CI$7, $P97<=CI$8),$Q97>=CI$8)), AND($P97>=CI$7, $Q97<=CI$8), AND($P97<=CI$7,$Q97>=CI$8)),1,0) -> 0

Sheet 진행현황_02.범위명
A1: =표지!C13 -> 사업명 입력 | J1: =표지!B7 -> 일정관리 및 통제표 (2025년)
A4: 진척점검 보고서 (02.범위명)
A6: 1. 관리책임자 | B6: 책임자
A8: 2. 전체 진행 현황
A9: - 시점 누적계획 | B9: =SUM(B17:I17) -> 100
A10: - 시점 누적실적 | B10: =SUM(B18:I18) -> 0
A11: - 계획대비 실적율 | B11: =IF(B9=0, 0, B10/B9) -> 0
A13: 3. 각 단계별 상세 진행 현황
A15: 구분 | B15: 단계1 | C15: 단계2 | D15: 단계3 | E15: 단계4 | F15: 단계5 | G15: 단계6 | H15: 단계7 | I15: 단계8 | J15: 합계
A16: 단계별 가중치 | B16: 15 | C16: 15 | D16: 15 | E16: 15 | F16: 15 | G16: 5 | H16: 5 | I16: 15 | J16: =SUM(B16:I16) -> 100
A17: 단계별 시점 누적계획 | B17: ='진행율 입력_02.범위명'!L10 -> 15 | C17: ='진행율 입력_02.범위명'!L21 -> 15 | D17: ='진행율 입력_02.범위명'!L32 -> 15 | E17: ='진행율 입력_02.범위명'!L43 -> 15 | F17: ='진행율 입력_02.범위명'!L54 -> 15 | G17: ='진행율 입력_02.범위명'!L65 -> 5 | H17: ='진행율 입력_02.범위명'!L76 -> 5 | I17: ='진행율 입력_02.범위명'!L87 -> 15 | J17: =SUM(B17:I17) -> 100
A18: 단계별 시점 누적실적 | B18: ='진행율 입력_02.범위명'!M10 -> 0 | C18: ='진행율 입력_02.범위명'!M21 -> 0 | D18: ='진행율 입력_02.범위명'!M32 -> 0 | E18: ='진행율 입력_02.범위명'!M43 -> 0 | F18: ='진행율 입력_02.범위명'!M54 -> 0 | G18: ='진행율 입력_02.범위명'!M65 -> 0 | H18: ='진행율 입력_02.범위명'!M76 -> 0 | I18: ='진행율 입력_02.범위명'!M87 -> 0 | J18: =SUM(B18:I18) -> 0
A19: 시점 누적편차 | B19: =B18-B17 -> -15 | C19: =C18-C17 -> -15 | D19: =D18-D17 -> -15 | E19: =E18-E17 -> -15 | F19: =F18-F17 -> -15 | G19: =G18-G17 -> -5 | H19: =H18-H17 -> -5 | I19: =I18-I17 -> -15 | J19: =SUM(B19:I19) -> -100
A20: 시점 누적계획율 | B20: ='진행율 입력_02.범위명'!J10 -> 1 | C20: ='진행율 입력_02.범위명'!J21 -> 1 | D20: ='진행율 입력_02.범위명'!J32 -> 1 | E20: ='진행율 입력_02.범위명'!J43 -> 1 | F20: ='진행율 입력_02.범위명'!J54 -> 1 | G20: ='진행율 입력_02.범위명'!J65 -> 1 | H20: ='진행율 입력_02.범위명'!J76 -> 1 | I20: ='진행율 입력_02.범위명'!J87 -> 1 | J20: =IF(J16=0, 0, J17/J16) -> 1
A21: 시점 누적실적율 | B21: ='진행율 입력_02.범위명'!K10 -> 0 | C21: ='진행율 입력_02.범위명'!K21 -> 0 | D21: ='진행율 입력_02.범위명'!K32 -> 0 | E21: ='진행율 입력_02.범위명'!K43 -> 0 | F21: ='진행율 입력_02.범위명'!K54 -> 0 | G21: ='진행율 입력_02.범위명'!K65 -> 0 | H21: ='진행율 입력_02.범위명'!K76 -> 0 | I21: ='진행율 입력_02.범위명'!K87 -> 0 | J21: =IF(J16=0, 0, J18/J16) -> 0
A22: 계획대비 실적율 | B22: =IF(B17=0, 0, B18/B17) -> 0 | C22: =IF(C17=0,0,C18/C17) -> 0 | D22: =IF(D17=0, 0, D18/D17) -> 0 | E22: =IF(E17=0, 0, E18/E17) -> 0 | F22: =IF(F17=0, 0, F18/F17) -> 0 | G22: =IF(G17=0, 0, G18/G17) -> 0 | H22: =IF(H17=0, 0, H18/H17) -> 0 | I22: =IF(I17=0, 0, I18/I17) -> 0 | J22: =IF(J17=0, 0, J18/J17) -> 0
A23: 계획된 태스크 수 | B23: =COUNTIF('진행율 입력_02.범위명'!J11:J20,">0") -> 10 | C23: =COUNTIF('진행율 입력_02.범위명'!J22:J31,">0") -> 10 | D23: =COUNTIF('진행율 입력_02.범위명'!J33:J42,">0") -> 10 | E23: =COUNTIF('진행율 입력_02.범위명'!J44:J53,">0") -> 10 | F23: =COUNTIF('진행율 입력_02.범위명'!J55:J64,">0") -> 10 | G23: =COUNTIF('진행율 입력_02.범위명'!J66:J75,">0") -> 10 | H23: =COUNTIF('진행율 입력_02.범위명'!J77:J86,">0") -> 10 | I23: =COUNTIF('진행율 입력_02.범위명'!J88:J97,">0") -> 10 | J23: =SUM(B23:I23) -> 80
A24: 진행중인 태스크 수 | B24: =COUNTIF('진행율 입력_02.범위명'!O11:O20,"진행") -> 0 | C24: =COUNTIF('진행율 입력_02.범위명'!O22:O31,"진행") -> 0 | D24: =COUNTIF('진행율 입력_02.범위명'!O33:O42,"진행") -> 0 | E24: =COUNTIF('진행율 입력_02.범위명'!O44:O53,"진행") -> 0 | F24: =COUNTIF('진행율 입력_02.범위명'!O55:O64,"진행") -> 0 | G24: =COUNTIF('진행율 입력_02.범위명'!O66:O75,"진행") -> 0 | H24: =COUNTIF('진행율 입력_02.범위명'!O77:O86,"진행") -> 0 | I24: =COUNTIF('진행율 입력_02.범위명'!O88:O97,"진행") -> 0 | J24: =SUM(B24:I24) -> 0
A25: 종료된 태스크 수 | B25: =COUNTIF('진행율 입력_02.범위명'!O11:O20,"종료") -> 0 | C25: =COUNTIF('진행율 입력_02.범위명'!O22:O31,"종료") -> 0 | D25: =COUNTIF('진행율 입력_02.범위명'!O33:O42,"종료") -> 0 | E25: =COUNTIF('진행율 입력_02.범위명'!O44:O53,"종료") -> 0 | F25: =COUNTIF('진행율 입력_02.범위명'!O55:O64,"종료") -> 0 | G25: =COUNTIF('진행율 입력_02.범위명'!O66:O75,"종료") -> 0 | H25: =COUNTIF('진행율 입력_02.범위명'!O77:O86,"종료") -> 0 | I25: =COUNTIF('진행율 입력_02.범위명'!O88:O97,"종료") -> 0 | J25: =SUM(B25:I25) -> 0
A26: 지연된 태스크 수 | B26: =COUNTIF('진행율 입력_02.범위명'!O11:O20,"지연") -> 10 | C26: =COUNTIF('진행율 입력_02.범위명'!O22:O31,"지연") -> 10 | D26: =COUNTIF('진행율 입력_02.범위명'!O33:O42,"지연") -> 10 | E26: =COUNTIF('진행율 입력_02.범위명'!O44:O53,"지연") -> 10 | F26: =COUNTIF('진행율 입력_02.범위명'!O55:O64,"지연") -> 10 | G26: =COUNTIF('진행율 입력_02.범위명'!O66:O75,"지연") -> 10 | H26: =COUNTIF('진행율 입력_02.범위명'!O77:O86,"지연") -> 10 | I26: =COUNTIF('진행율 입력_02.범위명'!O88:O97,"지연") -> 10 | J26: =SUM(B26:I26) -> 80
A27: 계획된 Review 문서 | B27: 0 | C27: 0 | D27: 0 | E27: 0 | F27: 0 | G27: 0 | H27: 0 | I27: 0 | J27: =SUM(B27:I27) -> 0
A28: 완료된 Review 문서 | B28: 0 | C28: 0 | D28: 0 | E28: 0 | F28: 0 | G28: 0 | H28: 0 | I28: 0 | J28: =SUM(B28:I28) -> 0
A29: 각 단계 Review율 | B29: =IF(B27=0, 0, B28/B27) -> 0 | C29: =IF(C27=0, 0, C28/C27) -> 0 | D29: =IF(D27=0, 0, D28/D27) -> 0 | E29: =IF(E27=0, 0, E28/E27) -> 0 | F29: =IF(F27=0, 0, F28/F27) -> 0 | G29: =IF(G27=0, 0, G28/G27) -> 0 | H29: =IF(H27=0, 0, H28/H27) -> 0 | I29: =IF(I27=0, 0, I28/I27) -> 0 | J29: =IF(J27=0, 0, J28/J27) -> 0
A32: 4. 각 단계별 상세 진행 현황 그래프

Sheet 진행율 입력_02.범위명
A1: =표지!C13 -> 사업명 입력 | V1: =표지!B7 -> 일정관리 및 통제표 (2025년) | CE1: =표지!B7 -> 일정관리 및 통제표 (2025년)
A3: 범위명 | C3: (범위명)
A5: No | B5: 프로세스 | C5: 액티비티 | D5: 태스크 | E5: 세부 태스크-1 | F5: 세부 태스크-2 | G5: 결과물 | H5: 담당자 | I5: 가중치 | J5: 시점 계획 완료율 | K5: 시점 실적 완료율 | L5: 시점 가중치 계획 | M5: 시점 가중치 실적 | N5: 시점 편차 | O5: 진행 상태 | P5: 시작계획일 | Q5: 종료계획일 | R5: 실제시작일 | S5: 실제종료일 | T5: 선행 태스크No | U5: CP | V5: 작업기간 | W5: 01월 | AB5: 02월 | AF5: 03월 | AJ5: 04월 | AO5: 05월 | AS5: 06월 | AW5: 07월 | BB5: 08월 | BF5: 09월 | BJ5: 10월 | BO5: 11월 | BS5: 12월 | BX5: 2026년 1월 | CB5: 2026년 2월
W6: 1W | X6: 2W | Y6: 3W | Z6: 4W | AA6: 5W | AB6: 6W | AC6: 7W | AD6: 8W | AE6: 9W | AF6: 10W | AG6: 11W | AH6: 12W | AI6: 13W | AJ6: 14W | AK6: 15W | AL6: 16W | AM6: 17W | AN6: 18W | AO6: 19W | AP6: 20W | AQ6: 21W | AR6: 22W | AS6: 23W | AT6: 24W | AU6: 25W | AV6: 26W | AW6: 27W | AX6: 28W | AY6: 29W | AZ6: 30W | BA6: 31W | BB6: 32W | BC6: 33W | BD6: 34W | BE6: 35W | BF6: 36W | BG6: 37W | BH6: 38W | BI6: 39W | BJ6: 40W | BK6: 41W | BL6: 42W | BM6: 43W | BN6: 44W | BO6: 45W | BP6: 46W | BQ6: 47W | BR6: 48W | BS6: 49W | BT6: 50W | BU6: 51W | BV6: 52W | BW6: 53W | BX6: 54W | BY6: 55W | BZ6: 56W | CA6: 57W | CB6: 58W | CC6: 59W | CD6: 60W | CE6: 61W
W7: 45656 | X7: =W7+7 -> 45663 | Y7: =X7+7 -> 45670 | Z7: =Y7+7 -> 45677 | AA7: =Z7+7 -> 45684 | AB7: =AA7+7 -> 45691 | AC7: =AB7+7 -> 45698 | AD7: =AC7+7 -> 45705 | AE7: =AD7+7 -> 45712 | ... CE7: =CD7+7 -> 46076
W8: =W7+4 -> 45660 | X8: =X7+4 -> 45667 | Y8: =Y7+4 -> 45674 | Z8: =Z7+4 -> 45681 | AA8: =AA7+4 -> 45688 | AB8: =AB7+4 -> 45695 | AC8: =AC7+4 -> 45702 | AD8: =AD7+4 -> 45709 | ... CE8: =CE7+4 -> 46080
A9: 0 | I9: =SUM(I10,I21,I32,I43,I65,I54,I76,I87) -> 100 | P9: =MIN(P10,P21,P32,P43,P54,P65,P76,P87) -> 0 | Q9: =MAX(Q10,Q21,Q32,Q43,Q54,Q65,Q76,Q87) -> 0 | U9: =IF(ISBLANK(T9),"",(DAYS360(VLOOKUP(T9,$A$9:$Q$97,15,FALSE),P9)-1)) | V9: =NETWORKDAYS(P9,Q9,진행현황_전체!C$59:C$77) -> 0
A10: 1 | B10: =진행현황_02.범위명!B15 -> 단계1 | H10: =SUM(I11:I20) -> 100 | I10: =진행현황_02.범위명!B16 -> 15 | J10: =SUM(L11:L20) -> 1 | K10: =SUM(M11:M20) -> 0 | L10: =SUM(L11:L20)*I10 -> 15 | M10: =SUM(M11:M20)*I10 -> 0 | N10: =M10-L10 -> -15 | P10: =MIN(P11:P20) -> 0 | Q10: =MAX(Q11:Q20) -> 0 | R10: =MIN(R11:R20) -> 0 | S10: =MAX(S11:S20) -> 0 | U10: =IF(ISBLANK(T10),"",(DAYS360(VLOOKUP(T10,$A$9:$Q$97,15,FALSE),P10)-1)) | V10: =NETWORKDAYS(P10,Q10,진행현황_전체!C$59:C$77) -> 0
A11: 1.1 | I11: 10 | J11: =IF(CheckDay>=Q11,1,IF(CheckDay<P11, 0,DAYS360(P11,CheckDay+1)/Y11)) -> 1 | K11: 0 | L11: =I11*J11/100 -> 0.1 | M11: =I11*K11/100 -> 0 | N11: =M11-L11 -> -0.1 | O11: =IF(AND(K11=0%,N11=0),"",IF(N11<0,"지연",IF(K11=100%,"종료","진행"))) -> 지연 | U11: =IF(ISBLANK(T11),"",(DAYS360(VLOOKUP(T11,$A$9:$Q$97,15,FALSE),P11)-1)) | V11: =NETWORKDAYS(P11,Q11,진행현황_전체!C$59:C$77) -> 0 | W11: =IF(OR((AND($P11<=W$7,AND($Q11<=W$8, $Q11>=W$7))),(AND(AND($P11>=W$7, $P11<=W$8),$Q11>=W$8)), AND($P11>=W$7, $Q11<=W$8), AND($P11<=W$7,$Q11>=W$8)),1,0) -> 0 | X11: =IF(OR((AND($P11<=X$7,AND($Q11<=X$8, $Q11>=X$7))),(AND(AND($P11>=X$7, $P11<=X$8),$Q11>=X$8)), AND($P11>=X$7, $Q11<=X$8), AND($P11<=X$7,$Q11>=X$8)),1,0) -> 0 | Y11: =IF(OR((AND($P11<=Y$7,AND($Q11<=Y$8, $Q11>=Y$7))),(AND(AND($P11>=Y$7, $P11<=Y$8),$Q11>=Y$8)), AND($P11>=Y$7, $Q11<=Y$8), AND($P11<=Y$7,$Q11>=Y$8)),1,0) -> 0 | Z11: =IF(OR((AND($P11<=Z$7,AND($Q11<=Z$8, $Q11>=Z$7))),(AND(AND($P11>=Z$7, $P11<=Z$8),$Q11>=Z$8)), AND($P11>=Z$7, $Q11<=Z$8), AND($P11<=Z$7,$Q11>=Z$8)),1,0) -> 0 | AA11: =IF(OR((AND($P11<=AA$7,AND($Q11<=AA$8, $Q11>=AA$7))),(AND(AND($P11>=AA$7, $P11<=AA$8),$Q11>=AA$8)), AND($P11>=AA$7, $Q11<=AA$8), AND($P11<=AA$7,$Q11>=AA$8)),1,0) -> 0 | AB11: =IF(OR((AND($P11<=AB$7,AND($Q11<=AB$8, $Q11>=AB$7))),(AND(AND($P11>=AB$7, $P11<=AB$8),$Q11>=AB$8)), AND($P11>=AB$7, $Q11<=AB$8), AND($P11<=AB$7,$Q11>=AB$8)),1,0) -> 0 | AC11: =IF(OR((AND($P11<=AC$7,AND($Q11<=AC$8, $Q11>=AC$7))),(AND(AND($P11>=AC$7, $P11<=AC$8),$Q11>=AC$8)), AND($P11>=AC$7, $Q11<=AC$8), AND($P11<=AC$7,$Q11>=AC$8)),1,0) -> 0 | AD11: =IF(OR((AND($P11<=AD$7,AND($Q11<=AD$8, $Q11>=AD$7))),(AND(AND($P11>=AD$7, $P11<=AD$8),$Q11>=AD$8)), AND($P11>=AD$7, $Q11<=AD$8), AND($P11<=AD$7,$Q11>=AD$8)),1,0) -> 0 | ... CE11: =IF(OR((AND($P11<=CE$7,AND($Q11<=CE$8, $Q11>=CE$7))),(AND(AND($P11>=CE$7, $P11<=CE$8),$Q11>=CE$8)), AND($P11>=CE$7, $Q11<=CE$8), AND($P11<=CE$7,$Q11>=CE$8)),1,0) -> 0
A12: 1.2 | I12: 10 | J12: =IF(CheckDay>=Q12,1,IF(CheckDay<P12, 0,DAYS360(P12,CheckDay+1)/Y12)) -> 1 | K12: 0 | L12: =I12*J12/100 -> 0.1 | M12: =I12*K12/100 -> 0 | N12: =M12-L12 -> -0.1 | O12: =IF(AND(K12=0%,N12=0),"",IF(N12<0,"지연",IF(K12=100%,"종료","진행"))) -> 지연 | U12: =IF(ISBLANK(T12),"",(DAYS360(VLOOKUP(T12,$A$9:$Q$97,15,FALSE),P12)-1)) | V12: =NETWORKDAYS(P12,Q12,진행현황_전체!C$59:C$77) -> 0 | W12: =IF(OR((AND($P12<=W$7,AND($Q12<=W$8, $Q12>=W$7))),(AND(AND($P12>=W$7, $P12<=W$8),$Q12>=W$8)), AND($P12>=W$7, $Q12<=W$8), AND($P12<=W$7,$Q12>=W$8)),1,0) -> 0 | X12: =IF(OR((AND($P12<=X$7,AND($Q12<=X$8, $Q12>=X$7))),(AND(AND($P12>=X$7, $P12<=X$8),$Q12>=X$8)), AND($P12>=X$7, $Q12<=X$8), AND($P12<=X$7,$Q12>=X$8)),1,0) -> 0 | Y12: =IF(OR((AND($P12<=Y$7,AND($Q12<=Y$8, $Q12>=Y$7))),(AND(AND($P12>=Y$7, $P12<=Y$8),$Q12>=Y$8)), AND($P12>=Y$7, $Q12<=Y$8), AND($P12<=Y$7,$Q12>=Y$8)),1,0) -> 0 | Z12: =IF(OR((AND($P12<=Z$7,AND($Q12<=Z$8, $Q12>=Z$7))),(AND(AND($P12>=Z$7, $P12<=Z$8),$Q12>=Z$8)), AND($P12>=Z$7, $Q12<=Z$8), AND($P12<=Z$7,$Q12>=Z$8)),1,0) -> 0 | AA12: =IF(OR((AND($P12<=AA$7,AND($Q12<=AA$8, $Q12>=AA$7))),(AND(AND($P12>=AA$7, $P12<=AA$8),$Q12>=AA$8)), AND($P12>=AA$7, $Q12<=AA$8), AND($P12<=AA$7,$Q12>=AA$8)),1,0) -> 0 | AB12: =IF(OR((AND($P12<=AB$7,AND($Q12<=AB$8, $Q12>=AB$7))),(AND(AND($P12>=AB$7, $P12<=AB$8),$Q12>=AB$8)), AND($P12>=AB$7, $Q12<=AB$8), AND($P12<=AB$7,$Q12>=AB$8)),1,0) -> 0 | AC12: =IF(OR((AND($P12<=AC$7,AND($Q12<=AC$8, $Q12>=AC$7))),(AND(AND($P12>=AC$7, $P12<=AC$8),$Q12>=AC$8)), AND($P12>=AC$7, $Q12<=AC$8), AND($P12<=AC$7,$Q12>=AC$8)),1,0) -> 0 | AD12: =IF(OR((AND($P12<=AD$7,AND($Q12<=AD$8, $Q12>=AD$7))),(AND(AND($P12>=AD$7, $P12<=AD$8),$Q12>=AD$8)), AND($P12>=AD$7, $Q12<=AD$8), AND($P12<=AD$7,$Q12>=AD$8)),1,0) -> 0 | ... CE12: =IF(OR((AND($P12<=CE$7,AND($Q12<=CE$8, $Q12>=CE$7))),(AND(AND($P12>=CE$7, $P12<=CE$8),$Q12>=CE$8)), AND($P12>=CE$7, $Q12<=CE$8), AND($P12<=CE$7,$Q12>=CE$8)),1,0) -> 0
A13: 1.3 | I13: 10 | J13: =IF(CheckDay>=Q13,1,IF(CheckDay<P13, 0,DAYS360(P13,CheckDay+1)/Y13)) -> 1 | K13: 0 | L13: =I13*J13/100 -> 0.1 | M13: =I13*K13/100 -> 0 | N13: =M13-L13 -> -0.1 | O13: =IF(AND(K13=0%,N13=0),"",IF(N13<0,"지연",IF(K13=100%,"종료","진행"))) -> 지연 | U13: =IF(ISBLANK(T13),"",(DAYS360(VLOOKUP(T13,$A$9:$Q$97,15,FALSE),P13)-1)) | V13: =NETWORKDAYS(P13,Q13,진행현황_전체!C$59:C$77) -> 0 | W13: =IF(OR((AND($P13<=W$7,AND($Q13<=W$8, $Q13>=W$7))),(AND(AND($P13>=W$7, $P13<=W$8),$Q13>=W$8)), AND($P13>=W$7, $Q13<=W$8), AND($P13<=W$7,$Q13>=W$8)),1,0) -> 0 | X13: =IF(OR((AND($P13<=X$7,AND($Q13<=X$8, $Q13>=X$7))),(AND(AND($P13>=X$7, $P13<=X$8),$Q13>=X$8)), AND($P13>=X$7, $Q13<=X$8), AND($P13<=X$7,$Q13>=X$8)),1,0) -> 0 | Y13: =IF(OR((AND($P13<=Y$7,AND($Q13<=Y$8, $Q13>=Y$7))),(AND(AND($P13>=Y$7, $P13<=Y$8),$Q13>=Y$8)), AND($P13>=Y$7, $Q13<=Y$8), AND($P13<=Y$7,$Q13>=Y$8)),1,0) -> 0 | Z13: =IF(OR((AND($P13<=Z$7,AND($Q13<=Z$8, $Q13>=Z$7))),(AND(AND($P13>=Z$7, $P13<=Z$8),$Q13>=Z$8)), AND($P13>=Z$7, $Q13<=Z$8), AND($P13<=Z$7,$Q13>=Z$8)),1,0) -> 0 | AA13: =IF(OR((AND($P13<=AA$7,AND($Q13<=AA$8, $Q13>=AA$7))),(AND(AND($P13>=AA$7, $P13<=AA$8),$Q13>=AA$8)), AND($P13>=AA$7, $Q13<=AA$8), AND($P13<=AA$7,$Q13>=AA$8)),1,0) -> 0 | AB13: =IF(OR((AND($P13<=AB$7,AND($Q13<=AB$8, $Q13>=AB$7))),(AND(AND($P13>=AB$7, $P13<=AB$8),$Q13>=AB$8)), AND($P13>=AB$7, $Q13<=AB$8), AND($P13<=AB$7,$Q13>=AB$8)),1,0) -> 0 | AC13: =IF(OR((AND($P13<=AC$7,AND($Q13<=AC$8, $Q13>=AC$7))),(AND(AND($P13>=AC$7, $P13<=AC$8),$Q13>=AC$8)), AND($P13>=AC$7, $Q13<=AC$8), AND($P13<=AC$7,$Q13>=AC$8)),1,0) -> 0 | AD13: =IF(OR((AND($P13<=AD$7,AND($Q13<=AD$8, $Q13>=AD$7))),(AND(AND($P13>=AD$7, $P13<=AD$8),$Q13>=AD$8)), AND($P13>=AD$7, $Q13<=AD$8), AND($P13<=AD$7,$Q13>=AD$8)),1,0) -> 0 | ... CE13: =IF(OR((AND($P13<=CE$7,AND($Q13<=CE$8, $Q13>=CE$7))),(AND(AND($P13>=CE$7, $P13<=CE$8),$Q13>=CE$8)), AND($P13>=CE$7, $Q13<=CE$8), AND($P13<=CE$7,$Q13>=CE$8)),1,0) -> 0
A14: 1.4 | I14: 10 | J14: =IF(CheckDay>=Q14,1,IF(CheckDay<P14, 0,DAYS360(P14,CheckDay+1)/Y14)) -> 1 | K14: 0 | L14: =I14*J14/100 -> 0.1 | M14: =I14*K14/100 -> 0 | N14: =M14-L14 -> -0.1 | O14: =IF(AND(K14=0%,N14=0),"",IF(N14<0,"지연",IF(K14=100%,"종료","진행"))) -> 지연 | U14: =IF(ISBLANK(T14),"",(DAYS360(VLOOKUP(T14,$A$9:$Q$97,15,FALSE),P14)-1)) | V14: =NETWORKDAYS(P14,Q14,진행현황_전체!C$59:C$77) -> 0 | W14: =IF(OR((AND($P14<=W$7,AND($Q14<=W$8, $Q14>=W$7))),(AND(AND($P14>=W$7, $P14<=W$8),$Q14>=W$8)), AND($P14>=W$7, $Q14<=W$8), AND($P14<=W$7,$Q14>=W$8)),1,0) -> 0 | X14: =IF(OR((AND($P14<=X$7,AND($Q14<=X$8, $Q14>=X$7))),(AND(AND($P14>=X$7, $P14<=X$8),$Q14>=X$8)), AND($P14>=X$7, $Q14<=X$8), AND($P14<=X$7,$Q14>=X$8)),1,0) -> 0 | Y14: =IF(OR((AND($P14<=Y$7,AND($Q14<=Y$8, $Q14>=Y$7))),(AND(AND($P14>=Y$7, $P14<=Y$8),$Q14>=Y$8)), AND($P14>=Y$7, $Q14<=Y$8), AND($P14<=Y$7,$Q14>=Y$8)),1,0) -> 0 | Z14: =IF(OR((AND($P14<=Z$7,AND($Q14<=Z$8, $Q14>=Z$7))),(AND(AND($P14>=Z$7, $P14<=Z$8),$Q14>=Z$8)), AND($P14>=Z$7, $Q14<=Z$8), AND($P14<=Z$7,$Q14>=Z$8)),1,0) -> 0 | AA14: =IF(OR((AND($P14<=AA$7,AND($Q14<=AA$8, $Q14>=AA$7))),(AND(AND($P14>=AA$7, $P14<=AA$8),$Q14>=AA$8)), AND($P14>=AA$7, $Q14<=AA$8), AND($P14<=AA$7,$Q14>=AA$8)),1,0) -> 0 | AB14: =IF(OR((AND($P14<=AB$7,AND($Q14<=AB$8, $Q14>=AB$7))),(AND(AND($P14>=AB$7, $P14<=AB$8),$Q14>=AB$8)), AND($P14>=AB$7, $Q14<=AB$8), AND($P14<=AB$7,$Q14>=AB$8)),1,0) -> 0 | AC14: =IF(OR((AND($P14<=AC$7,AND($Q14<=AC$8, $Q14>=AC$7))),(AND(AND($P14>=AC$7, $P14<=AC$8),$Q14>=AC$8)), AND($P14>=AC$7, $Q14<=AC$8), AND($P14<=AC$7,$Q14>=AC$8)),1,0) -> 0 | AD14: =IF(OR((AND($P14<=AD$7,AND($Q14<=AD$8, $Q14>=AD$7))),(AND(AND($P14>=AD$7, $P14<=AD$8),$Q14>=AD$8)), AND($P14>=AD$7, $Q14<=AD$8), AND($P14<=AD$7,$Q14>=AD$8)),1,0) -> 0 | ... CE14: =IF(OR((AND($P14<=CE$7,AND($Q14<=CE$8, $Q14>=CE$7))),(AND(AND($P14>=CE$7, $P14<=CE$8),$Q14>=CE$8)), AND($P14>=CE$7, $Q14<=CE$8), AND($P14<=CE$7,$Q14>=CE$8)),1,0) -> 0
A15: 1.5 | I15: 10 | J15: =IF(CheckDay>=Q15,1,IF(CheckDay<P15, 0,DAYS360(P15,CheckDay+1)/Y15)) -> 1 | K15: 0 | L15: =I15*J15/100 -> 0.1 | M15: =I15*K15/100 -> 0 | N15: =M15-L15 -> -0.1 | O15: =IF(AND(K15=0%,N15=0),"",IF(N15<0,"지연",IF(K15=100%,"종료","진행"))) -> 지연 | U15: =IF(ISBLANK(T15),"",(DAYS360(VLOOKUP(T15,$A$9:$Q$97,15,FALSE),P15)-1)) | V15: =NETWORKDAYS(P15,Q15,진행현황_전체!C$59:C$77) -> 0 | W15: =IF(OR((AND($P15<=W$7,AND($Q15<=W$8, $Q15>=W$7))),(AND(AND($P15>=W$7, $P15<=W$8),$Q15>=W$8)), AND($P15>=W$7, $Q15<=W$8), AND($P15<=W$7,$Q15>=W$8)),1,0) -> 0 | X15: =IF(OR((AND($P15<=X$7,AND($Q15<=X$8, $Q15>=X$7))),(AND(AND($P15>=X$7, $P15<=X$8),$Q15>=X$8)), AND($P15>=X$7, $Q15<=X$8), AND($P15<=X$7,$Q15>=X$8)),1,0) -> 0 | Y15: =IF(OR((AND($P15<=Y$7,AND($Q15<=Y$8, $Q15>=Y$7))),(AND(AND($P15>=Y$7, $P15<=Y$8),$Q15>=Y$8)), AND($P15>=Y$7, $Q15<=Y$8), AND($P15<=Y$7,$Q15>=Y$8)),1,0) -> 0 | Z15: =IF(OR((AND($P15<=Z$7,AND($Q15<=Z$8, $Q15>=Z$7))),(AND(AND($P15>=Z$7, $P15<=Z$8),$Q15>=Z$8)), AND($P15>=Z$7, $Q15<=Z$8), AND($P15<=Z$7,$Q15>=Z$8)),1,0) -> 0 | AA15: =IF(OR((AND($P15<=AA$7,AND($Q15<=AA$8, $Q15>=AA$7))),(AND(AND($P15>=AA$7, $P15<=AA$8),$Q15>=AA$8)), AND($P15>=AA$7, $Q15<=AA$8), AND($P15<=AA$7,$Q15>=AA$8)),1,0) -> 0 | AB15: =IF(OR((AND($P15<=AB$7,AND($Q15<=AB$8, $Q15>=AB$7))),(AND(AND($P15>=AB$7, $P15<=AB$8),$Q15>=AB$8)), AND($P15>=AB$7, $Q15<=AB$8), AND($P15<=AB$7,$Q15>=AB$8)),1,0) -> 0 | AC15: =IF(OR((AND($P15<=AC$7,AND($Q15<=AC$8, $Q15>=AC$7))),(AND(AND($P15>=AC$7, $P15<=AC$8),$Q15>=AC$8)), AND($P15>=AC$7, $Q15<=AC$8), AND($P15<=AC$7,$Q15>=AC$8)),1,0) -> 0 | AD15: =IF(OR((AND($P15<=AD$7,AND($Q15<=AD$8, $Q15>=AD$7))),(AND(AND($P15>=AD$7, $P15<=AD$8),$Q15>=AD$8)), AND($P15>=AD$7, $Q15<=AD$8), AND($P15<=AD$7,$Q15>=AD$8)),1,0) -> 0 | ... CE15: =IF(OR((AND($P15<=CE$7,AND($Q15<=CE$8, $Q15>=CE$7))),(AND(AND($P15>=CE$7, $P15<=CE$8),$Q15>=CE$8)), AND($P15>=CE$7, $Q15<=CE$8), AND($P15<=CE$7,$Q15>=CE$8)),1,0) -> 0
A16: 1.6 | I16: 10 | J16: =IF(CheckDay>=Q16,1,IF(CheckDay<P16, 0,DAYS360(P16,CheckDay+1)/Y16)) -> 1 | K16: 0 | L16: =I16*J16/100 -> 0.1 | M16: =I16*K16/100 -> 0 | N16: =M16-L16 -> -0.1 | O16: =IF(AND(K16=0%,N16=0),"",IF(N16<0,"지연",IF(K16=100%,"종료","진행"))) -> 지연 | U16: =IF(ISBLANK(T16),"",(DAYS360(VLOOKUP(T16,$A$9:$Q$97,15,FALSE),P16)-1)) | V16: =NETWORKDAYS(P16,Q16,진행현황_전체!C$59:C$77) -> 0 | W16: =IF(OR((AND($P16<=W$7,AND($Q16<=W$8, $Q16>=W$7))),(AND(AND($P16>=W$7, $P16<=W$8),$Q16>=W$8)), AND($P16>=W$7, $Q16<=W$8), AND($P16<=W$7,$Q16>=W$8)),1,0) -> 0 | X16: =IF(OR((AND($P16<=X$7,AND($Q16<=X$8, $Q16>=X$7))),(AND(AND($P16>=X$7, $P16<=X$8),$Q16>=X$8)), AND($P16>=X$7, $Q16<=X$8), AND($P16<=X$7,$Q16>=X$8)),1,0) -> 0 | Y16: =IF(OR((AND($P16<=Y$7,AND($Q16<=Y$8, $Q16>=Y$7))),(AND(AND($P16>=Y$7, $P16<=Y$8),$Q16>=Y$8)), AND($P16>=Y$7, $Q16<=Y$8), AND($P16<=Y$7,$Q16>=Y$8)),1,0) -> 0 | Z16: =IF(OR((AND($P16<=Z$7,AND($Q16<=Z$8, $Q16>=Z$7))),(AND(AND($P16>=Z$7, $P16<=Z$8),$Q16>=Z$8)), AND($P16>=Z$7, $Q16<=Z$8), AND($P16<=Z$7,$Q16>=Z$8)),1,0) -> 0 | AA16: =IF(OR((AND($P16<=AA$7,AND($Q16<=AA$8, $Q16>=AA$7))),(AND(AND($P16>=AA$7, $P16<=AA$8),$Q16>=AA$8)), AND($P16>=AA$7, $Q16<=AA$8), AND($P16<=AA$7,$Q16>=AA$8)),1,0) -> 0 | AB16: =IF(OR((AND($P16<=AB$7,AND($Q16<=AB$8, $Q16>=AB$7))),(AND(AND($P16>=AB$7, $P16<=AB$8),$Q16>=AB$8)), AND($P16>=AB$7, $Q16<=AB$8), AND($P16<=AB$7,$Q16>=AB$8)),1,0) -> 0 | AC16: =IF(OR((AND($P16<=AC$7,AND($Q16<=AC$8, $Q16>=AC$7))),(AND(AND($P16>=AC$7, $P16<=AC$8),$Q16>=AC$8)), AND($P16>=AC$7, $Q16<=AC$8), AND($P16<=AC$7,$Q16>=AC$8)),1,0) -> 0 | AD16: =IF(OR((AND($P16<=AD$7,AND($Q16<=AD$8, $Q16>=AD$7))),(AND(AND($P16>=AD$7, $P16<=AD$8),$Q16>=AD$8)), AND($P16>=AD$7, $Q16<=AD$8), AND($P16<=AD$7,$Q16>=AD$8)),1,0) -> 0 | ... CE16: =IF(OR((AND($P16<=CE$7,AND($Q16<=CE$8, $Q16>=CE$7))),(AND(AND($P16>=CE$7, $P16<=CE$8),$Q16>=CE$8)), AND($P16>=CE$7, $Q16<=CE$8), AND($P16<=CE$7,$Q16>=CE$8)),1,0) -> 0
